brand_name,model,price,rating,has_5g,has_nfc,has_ir_blaster,processor_brand,num_cores,processor_speed,battery_capacity,fast_charging_available,fast_charging,ram_capacity,internal_memory,screen_size,refresh_rate,num_rear_cameras,num_front_cameras,os,primary_camera_rear,primary_camera_front,extended_memory_available,extended_upto,resolution_width,resolution_height
oneplus,OnePlus Nord CE 2 Lite 5G,19989,81.0,True,False,False,snapdragon,8.0,2.2,5000.0,1,33.0,6,128,6.59,120,3,1.0,android,64.0,16.0,1,1024.0,1080,2412
samsung,Samsung Galaxy A14 5G,16499,75.0,True,False,False,exynos,8.0,2.4,5000.0,1,15.0,4,64,6.6,90,3,1.0,android,50.0,13.0,1,1024.0,1080,2408
motorola,Motorola Moto G62 5G,14999,81.0,True,False,False,snapdragon,8.0,2.2,5000.0,1,,6,128,6.55,120,3,1.0,android,50.0,16.0,1,1024.0,1080,2400
samsung,Samsung Galaxy F23 5G (6GB RAM + 128GB),16999,80.0,True,True,False,snapdragon,8.0,2.2,5000.0,1,25.0,6,128,6.6,120,3,1.0,android,50.0,8.0,1,1024.0,1080,2408
realme,Realme 10 Pro,18999,82.0,True,False,False,snapdragon,8.0,2.2,5000.0,1,33.0,6,128,6.72,120,2,1.0,android,108.0,16.0,1,1024.0,1080,2400
oppo,Oppo A78,18999,79.0,True,True,False,dimensity,8.0,2.2,5000.0,1,33.0,8,128,6.56,90,2,1.0,android,50.0,8.0,1,,720,1612
vivo,Vivo T1 5G (6GB RAM + 128GB),16990,80.0,True,False,False,snapdragon,8.0,2.2,5000.0,1,18.0,6,128,6.58,120,3,1.0,android,50.0,16.0,1,1024.0,1080,2408
vivo,Vivo Y16,9999,65.0,False,False,False,helio,8.0,2.3,5000.0,1,10.0,3,32,6.51,60,2,1.0,android,13.0,5.0,1,,720,1600
vivo,Vivo Y22,14499,72.0,False,False,False,helio,8.0,2.0,5000.0,1,18.0,4,64,6.55,60,2,1.0,android,50.0,8.0,1,1024.0,720,1612
poco,Poco X4 Pro 5G,14999,80.0,True,False,True,snapdragon,8.0,2.2,5000.0,1,67.0,6,64,6.67,120,3,1.0,android,64.0,16.0,1,1024.0,1080,2400
xiaomi,Xiaomi Redmi Note 12,17859,76.0,True,False,True,snapdragon,8.0,2.0,5000.0,1,33.0,4,128,6.67,120,3,1.0,android,48.0,13.0,1,1024.0,1080,2400
realme,Realme 10 Pro (8GB RAM + 128GB),19999,84.0,True,False,False,snapdragon,8.0,2.2,5000.0,1,33.0,8,128,6.72,120,2,1.0,android,108.0,16.0,1,1024.0,1080,2400
xiaomi,Xiaomi Redmi Note 11 Pro Plus 5G,19999,83.0,True,False,True,snapdragon,8.0,2.2,5000.0,1,67.0,6,128,6.67,120,3,1.0,android,108.0,16.0,1,1024.0,1080,2400
motorola,Motorola Edge 20 Fusion 5G,18999,87.0,True,True,False,dimensity,8.0,2.4,5000.0,1,30.0,6,128,6.67,90,3,1.0,android,108.0,32.0,1,1024.0,1080,2400
vivo,Vivo Y35,18499,80.0,False,False,False,snapdragon,8.0,2.4,5000.0,1,44.0,8,128,6.58,90,3,1.0,android,50.0,16.0,1,1024.0,1080,2408
samsung,Samsung Galaxy M33 5G,17478,81.0,True,True,False,exynos,8.0,2.4,6000.0,1,25.0,6,128,6.6,120,4,1.0,android,50.0,8.0,1,1024.0,1080,2400
xiaomi,Xiaomi Redmi Note 11,11936,76.0,False,False,True,snapdragon,8.0,2.4,5000.0,1,33.0,4,64,6.43,90,4,1.0,android,50.0,13.0,1,512.0,1080,2400
realme,Realme C33,8950,64.0,False,False,False,unisoc,8.0,1.8,5000.0,0,,3,32,6.5,60,2,1.0,android,50.0,5.0,1,1024.0,720,1600
vivo,Vivo Y16 (4GB RAM + 64GB),12489,68.0,False,False,False,helio,8.0,2.3,5000.0,1,10.0,4,64,6.51,60,2,1.0,android,13.0,5.0,1,,720,1600
samsung,Samsung Galaxy A14 5G (6GB RAM + 128GB),18999,79.0,True,False,False,exynos,8.0,2.4,5000.0,1,15.0,6,128,6.6,90,3,1.0,android,50.0,13.0,1,1024.0,1080,2408
jio,Jio JioPhone 5G,11990,64.0,True,False,False,snapdragon,8.0,2.2,5000.0,1,18.0,4,32,6.5,90,1,1.0,android,13.0,8.0,1,512.0,720,1600
motorola,Motorola Moto G82 5G,18999,83.0,True,True,False,snapdragon,8.0,2.2,5000.0,1,30.0,6,128,6.6,120,3,1.0,android,50.0,16.0,1,1024.0,1080,2400
realme,Realme 10,13999,74.0,False,False,False,helio,8.0,2.2,5000.0,1,33.0,4,64,6.4,90,2,1.0,android,50.0,16.0,1,1024.0,1080,2400
realme,Realme 9i 5G,14965,75.0,True,False,False,dimensity,8.0,2.4,5000.0,1,18.0,4,64,6.6,90,3,1.0,android,50.0,8.0,1,1024.0,1080,2408
xiaomi,Xiaomi Redmi Note 10S,10999,78.0,False,False,True,helio,8.0,2.05,5000.0,1,33.0,6,64,6.43,60,4,1.0,android,64.0,13.0,1,512.0,1080,2400
motorola,Motorola Moto G32,10499,75.0,False,False,False,snapdragon,8.0,2.4,5000.0,1,33.0,4,64,6.55,90,3,1.0,android,50.0,16.0,1,1024.0,1080,2400
xiaomi,Xiaomi Redmi Note 13 Pro 5G,17990,78.0,True,True,True,dimensity,8.0,2.0,5000.0,1,67.0,6,128,6.67,120,3,1.0,android,108.0,16.0,0,,1080,2460
samsung,Samsung Galaxy A23,18499,79.0,False,False,False,snapdragon,8.0,2.4,5000.0,1,25.0,6,128,6.6,60,4,1.0,android,50.0,8.0,1,1024.0,1080,2408
vivo,Vivo Y22 (6GB RAM + 128GB),16499,75.0,False,False,False,helio,8.0,2.0,5000.0,1,18.0,6,128,6.55,60,2,1.0,android,50.0,8.0,1,1024.0,720,1612
poco,Poco M4 Pro 5G (6GB RAM + 128GB),14999,81.0,True,False,True,dimensity,8.0,2.4,5000.0,1,33.0,6,128,6.6,90,2,1.0,android,50.0,16.0,1,1024.0,1080,2400
samsung,Samsung Galaxy F23 5G,15999,78.0,True,True,False,snapdragon,8.0,2.2,5000.0,1,25.0,4,128,6.6,120,3,1.0,android,50.0,8.0,1,1024.0,1080,2408
oppo,OPPO A17K,9499,62.0,False,False,False,helio,8.0,2.3,5000.0,0,,3,64,6.56,60,1,1.0,android,8.0,5.0,1,1024.0,720,1612
iqoo,iQOO Z6 Lite 5G,13989,75.0,True,False,False,snapdragon,8.0,2.0,5000.0,1,18.0,4,64,6.58,120,2,1.0,android,50.0,8.0,1,1024.0,1080,2408
xiaomi,Xiaomi Redmi Note 10T 5G (6GB RAM +128GB),13999,79.0,True,False,True,dimensity,8.0,2.2,5000.0,1,18.0,6,128,6.5,90,3,1.0,android,48.0,8.0,1,1024.0,1080,2400
gionee,Gionee G13 Pro,6190,,False,False,False,tiger,4.0,2.0,3500.0,0,,4,32,6.26,60,2,1.0,other,13.0,5.0,1,,720,1600
xiaomi,Xiaomi Redmi 10A (4GB RAM + 64GB),8388,66.0,False,False,False,helio,8.0,2.0,5000.0,0,,4,64,6.53,60,1,1.0,android,13.0,5.0,1,512.0,720,1600
motorola,Motorola Moto G72 4G,15999,83.0,False,True,False,helio,8.0,2.2,5000.0,1,33.0,6,128,6.55,120,3,1.0,android,108.0,16.0,1,,1080,2400
realme,Realme 9 5G,13999,75.0,True,False,False,dimensity,8.0,2.4,5000.0,1,18.0,4,64,6.5,90,3,1.0,android,48.0,16.0,1,1024.0,1080,2400
vivo,Vivo T1 5G (8GB RAM + 128GB),19990,83.0,True,False,False,snapdragon,8.0,2.2,5000.0,1,18.0,8,128,6.58,120,3,1.0,android,50.0,16.0,1,1024.0,1080,2408
samsung,Samsung Galaxy M13 5G,13999,75.0,True,False,False,dimensity,8.0,2.2,5000.0,1,15.0,6,128,6.5,90,2,1.0,android,50.0,5.0,1,1024.0,720,1600
oppo,OPPO K10 5G,16999,79.0,True,False,False,dimensity,8.0,2.4,5000.0,1,33.0,8,128,6.56,90,2,1.0,android,48.0,8.0,1,1024.0,720,1612
xiaomi,Xiaomi Redmi Note 11 (6GB RAM + 128GB),14290,80.0,False,False,True,snapdragon,8.0,2.4,5000.0,1,33.0,6,128,6.43,90,4,1.0,android,50.0,13.0,1,512.0,1080,2400
vivo,Vivo Y21 2021,13489,69.0,False,False,False,helio,8.0,2.3,5000.0,1,18.0,4,64,6.51,60,2,1.0,android,13.0,8.0,1,1024.0,720,1600
motorola,Motorola Moto G62 (8GB RAM + 128GB),16499,84.0,True,False,False,snapdragon,8.0,2.2,5000.0,1,,8,128,6.55,120,3,1.0,android,50.0,16.0,1,1024.0,1080,2400
realme,Realme C33 (4GB RAM + 64GB),9999,67.0,False,False,False,unisoc,8.0,1.8,5000.0,0,,4,64,6.5,60,2,1.0,android,50.0,5.0,1,1024.0,720,1600
realme,Realme 9i,12499,75.0,False,False,False,snapdragon,8.0,2.4,5000.0,1,33.0,4,64,6.6,90,3,1.0,android,50.0,16.0,1,1024.0,1080,2412
oppo,OPPO A17,12499,72.0,False,False,False,helio,8.0,2.3,5000.0,1,,4,64,6.56,60,2,1.0,android,50.0,5.0,1,1024.0,720,1612
vivo,Vivo T1 5G,15990,78.0,True,False,False,snapdragon,8.0,2.2,5000.0,1,18.0,4,128,6.58,120,3,1.0,android,50.0,16.0,1,1024.0,1080,2408
xiaomi,Xiaomi Redmi Note 11 Pro Max 5G,19999,83.0,True,False,True,snapdragon,8.0,2.4,5200.0,1,33.0,6,128,6.67,120,4,1.0,android,108.0,32.0,1,512.0,1080,2400
realme,Realme 10s,12999,80.0,True,False,False,dimensity,8.0,2.4,5000.0,1,33.0,8,128,6.6,90,2,1.0,android,50.0,8.0,1,1024.0,1080,2408
oppo,OPPO F19 Pro Plus 5G,19990,82.0,True,False,False,dimensity,8.0,2.4,4310.0,1,50.0,8,128,6.43,60,4,1.0,android,48.0,16.0,1,256.0,1080,2400
vivo,Vivo T1 44W (6GB RAM + 128GB),15999,79.0,False,False,False,snapdragon,8.0,2.4,5000.0,1,44.0,6,128,6.44,60,3,1.0,android,50.0,16.0,1,1024.0,1080,2408
xiaomi,Xiaomi Redmi A1,6171,,False,False,False,helio,4.0,2.0,5000.0,1,10.0,2,32,6.52,60,2,1.0,android,8.0,5.0,1,512.0,720,1600
infinix,Infinix Note 12 Pro 5G,18999,84.0,True,False,False,dimensity,8.0,2.4,5000.0,1,33.0,8,128,6.7,60,3,1.0,android,108.0,16.0,1,2048.0,1080,2400
samsung,Samsung Galaxy M33 5G (8GB RAM + 128GB),19499,84.0,True,True,False,exynos,8.0,2.4,6000.0,1,25.0,8,128,6.6,120,4,1.0,android,50.0,8.0,1,1024.0,1080,2400
motorola,Motorola Moto G42,10999,78.0,False,True,False,snapdragon,8.0,2.4,5000.0,1,20.0,4,64,6.47,60,3,1.0,android,50.0,16.0,1,1024.0,1080,2400
xiaomi,Xiaomi Redmi 11 Prime 5G,13466,74.0,True,False,True,dimensity,8.0,2.2,5000.0,1,18.0,4,64,6.58,90,2,1.0,android,50.0,5.0,1,512.0,1080,2408
xiaomi,Xiaomi Redmi Note 10 Lite,9999,76.0,False,False,True,snapdragon,8.0,2.3,5020.0,1,18.0,4,64,6.67,60,4,1.0,android,48.0,16.0,1,512.0,1080,2400
motorola,Motorola Moto E40,7999,71.0,False,False,False,tiger,8.0,1.8,5000.0,0,,4,64,6.5,90,3,1.0,android,48.0,8.0,1,1024.0,720,1600
poco,Poco X4 Pro 5G (6GB RAM + 128GB),16499,82.0,True,False,True,snapdragon,8.0,2.2,5000.0,1,67.0,6,128,6.67,120,3,1.0,android,64.0,16.0,1,1024.0,1080,2400
realme,Realme C35 (6GB RAM + 128GB),13999,74.0,False,False,False,tiger,8.0,1.8,5000.0,1,18.0,6,128,6.6,90,3,1.0,android,50.0,8.0,1,1024.0,1080,2408
oppo,OPPO K10,13490,78.0,False,False,False,snapdragon,8.0,2.4,5000.0,1,33.0,6,128,6.59,90,3,1.0,android,50.0,16.0,1,1024.0,1080,2412
iqoo,iQOO Z6 5G,15499,78.0,True,False,False,snapdragon,8.0,2.2,5000.0,1,18.0,4,128,6.58,120,3,1.0,android,50.0,16.0,1,1024.0,1080,2408
poco,Poco M4 Pro 5G,12999,76.0,True,False,True,dimensity,8.0,2.4,5000.0,1,33.0,4,64,6.6,90,2,1.0,android,50.0,16.0,1,1024.0,1080,2400
jio,Jio Phone 3,4499,,False,False,False,,4.0,1.4,2800.0,0,,2,64,5.0,60,1,1.0,android,5.0,2.0,1,128.0,720,1280
oneplus,OnePlus Clover,14999,69.0,False,False,False,snapdragon,8.0,1.8,6000.0,1,18.0,4,64,6.52,60,3,1.0,android,13.0,8.0,1,,720,1560
samsung,Samsung Galaxy F04,8499,68.0,False,False,False,helio,8.0,2.3,5000.0,1,15.0,4,64,6.5,60,2,1.0,android,13.0,5.0,1,1024.0,720,1600
samsung,Samsung Galaxy M34 5G,16999,84.0,True,True,False,exynos,8.0,2.4,6000.0,1,25.0,6,128,6.5,120,4,1.0,android,64.0,32.0,1,,1080,2400
xiaomi,Xiaomi Redmi 10,9589,71.0,False,False,False,snapdragon,8.0,2.4,6000.0,1,18.0,4,64,6.7,60,2,1.0,android,50.0,5.0,1,512.0,720,1600
xiaomi,Xiaomi Redmi Note 12 (6GB RAM + 128GB),19988,79.0,True,False,True,snapdragon,8.0,2.0,5000.0,1,33.0,6,128,6.67,120,3,1.0,android,48.0,13.0,1,1024.0,1080,2400
motorola,Motorola Moto G52,11999,75.0,False,True,False,snapdragon,8.0,2.4,5000.0,1,33.0,4,64,6.6,90,3,1.0,android,50.0,16.0,1,,2460,1080
infinix,Infinix Zero 5G 2023,19499,85.0,True,False,False,dimensity,8.0,2.6,5000.0,1,33.0,8,256,6.78,120,3,1.0,android,50.0,16.0,1,256.0,1080,2460
realme,Realme C30,5299,,False,False,False,tiger,8.0,1.82,5000.0,0,,2,32,6.5,60,1,1.0,android,8.0,5.0,1,1024.0,720,1600
realme,Realme 9 4G,14999,81.0,False,False,False,snapdragon,8.0,2.4,5000.0,1,33.0,6,128,6.4,90,3,1.0,android,108.0,16.0,1,256.0,1080,2400
cola,Cola Phone,14999,74.0,False,False,False,helio,8.0,2.2,5000.0,1,33.0,4,64,6.4,90,2,1.0,android,50.0,16.0,1,1024.0,1080,2400
samsung,Samsung Galaxy F13,10999,74.0,False,True,False,exynos,8.0,2.0,6000.0,1,15.0,4,64,6.6,60,3,1.0,android,50.0,8.0,1,1024.0,2408,1080
xiaomi,Xiaomi Redmi Note 10S (6GB RAM + 128GB),11999,79.0,False,False,True,helio,8.0,2.05,5000.0,1,33.0,6,128,6.43,60,4,1.0,android,64.0,13.0,1,512.0,1080,2400
realme,Realme 10 (8GB RAM + 128GB),16999,79.0,False,False,False,helio,8.0,2.2,5000.0,1,33.0,8,128,6.4,90,2,1.0,android,50.0,16.0,1,1024.0,1080,2400
infinix,Infinix Hot 20,17999,75.0,True,False,False,dimensity,8.0,2.4,5000.0,1,18.0,4,64,6.6,120,2,1.0,android,50.0,8.0,1,1024.0,1080,2408
letv,Letv Y1 Pro,5499,,False,False,False,tiger,4.0,2.0,4000.0,0,,4,32,6.54,60,2,1.0,android,8.0,5.0,0,,720,1560
oppo,OPPO A74 5G,15490,77.0,True,False,False,snapdragon,8.0,2.0,5000.0,1,18.0,6,128,6.5,90,3,1.0,android,48.0,8.0,1,,1080,2400
iqoo,iQOO Z6 Lite (6GB RAM + 128GB),15499,79.0,True,False,False,snapdragon,8.0,2.0,5000.0,1,18.0,6,128,6.58,120,2,1.0,android,50.0,8.0,1,1024.0,1080,2408
xiaomi,Xiaomi Redmi Note 11SE,11999,80.0,False,False,True,helio,8.0,2.05,5000.0,1,33.0,6,64,6.43,60,4,1.0,android,64.0,13.0,1,512.0,1080,2400
realme,Realme Narzo 50,10999,74.0,False,False,False,helio,8.0,2.0,5000.0,1,33.0,4,64,6.6,120,3,1.0,android,50.0,16.0,1,256.0,1080,2412
poco,POCO M4 Pro 4G,11999,77.0,False,False,True,helio,8.0,2.05,5000.0,1,33.0,6,64,6.43,90,3,1.0,android,64.0,16.0,1,1024.0,1080,2400
tecno,Tecno Spark Go 2023,6999,62.0,False,False,False,helio,4.0,2.0,5000.0,1,10.0,3,32,6.56,60,2,1.0,android,13.0,5.0,1,256.0,720,1600
samsung,Samsung Galaxy F24 5G,14999,78.0,True,True,False,snapdragon,8.0,2.2,5000.0,1,25.0,4,128,6.6,120,3,1.0,android,50.0,8.0,1,1024.0,1080,2408
realme,Realme 10 5G,14499,79.0,True,False,False,dimensity,8.0,2.2,5000.0,1,33.0,8,128,6.6,90,3,1.0,android,50.0,8.0,1,1024.0,1080,2408
ikall,iKall Z19 Pro,8099,60.0,False,False,False,,4.0,1.6,5000.0,0,,4,64,6.5,60,1,1.0,android,13.0,8.0,1,128.0,720,1600
leeco,LeEco S1 Pro,10999,65.0,False,False,False,tiger,4.0,1.8,5000.0,1,10.0,8,128,6.5,60,2,1.0,android,13.0,5.0,0,,720,1600
realme,Realme C2s,3499,63.0,False,False,False,helio,8.0,2.0,4000.0,0,,3,32,6.1,60,2,1.0,android,13.0,5.0,1,128.0,720,1560
duoqin,Duoqin F22 Pro,9990,,False,False,False,helio,8.0,2.0,2150.0,0,,4,64,3.54,60,1,1.0,android,8.0,2.0,1,,640,960
realme,Realme C35,11828,70.0,False,False,False,tiger,8.0,1.8,5000.0,1,18.0,4,64,6.6,60,3,1.0,android,50.0,8.0,1,1024.0,1080,2408
oneplus,OnePlus Nord CE 3 Lite 5G,18999,81.0,True,False,False,snapdragon,8.0,2.2,5000.0,1,33.0,6,128,6.59,120,3,1.0,android,50.0,16.0,1,1024.0,1080,2412
poco,Poco X4 Pro 5G (8GB RAM + 128GB),17999,84.0,True,False,True,snapdragon,8.0,2.2,5000.0,1,67.0,8,128,6.67,120,3,1.0,android,64.0,16.0,1,1024.0,1080,2400
samsung,Samsung Galaxy M04,8499,66.0,False,False,False,helio,8.0,2.3,5000.0,1,15.0,4,64,6.5,60,2,1.0,android,13.0,5.0,1,1024.0,720,1600
oppo,OPPO A77s,17999,76.0,False,False,False,snapdragon,8.0,2.4,5000.0,1,33.0,8,128,6.56,90,2,1.0,android,50.0,8.0,1,,720,1600
samsung,Samsung Galaxy A13,14450,75.0,False,False,False,,8.0,2.0,5000.0,1,25.0,4,64,6.6,60,4,1.0,android,50.0,8.0,1,1024.0,1080,2408
motorola,Motorola Moto G52 (6GB RAM + 128GB),12999,79.0,False,True,False,snapdragon,8.0,2.4,5000.0,1,33.0,6,128,6.6,90,3,1.0,android,50.0,16.0,1,,2460,1080
poco,Poco M4 5G,11499,75.0,True,False,True,dimensity,8.0,2.2,5000.0,1,18.0,4,64,6.58,90,2,1.0,android,50.0,8.0,1,512.0,1080,2400
tecno,Tecno Pova 4,11999,73.0,False,False,False,helio,8.0,2.2,6000.0,1,18.0,8,128,6.82,90,2,1.0,android,50.0,8.0,1,512.0,720,1600
realme,Realme 9 5G (6GB RAM + 128GB),15499,79.0,True,False,False,dimensity,8.0,2.4,5000.0,1,18.0,6,128,6.5,90,3,1.0,android,48.0,16.0,1,1024.0,1080,2400
realme,Realme 9 Pro 5G,18999,80.0,True,False,False,snapdragon,8.0,2.2,5000.0,1,33.0,6,128,6.6,120,3,1.0,android,64.0,16.0,1,256.0,1080,2412
lava,Lava Blaze 5G,10999,73.0,True,False,False,dimensity,8.0,2.2,5000.0,0,,4,128,6.5,90,3,1.0,android,50.0,8.0,1,1024.0,1600,720
tecno,Tecno Pova 3,9999,74.0,False,False,False,helio,8.0,2.0,7000.0,1,33.0,4,64,6.95,90,3,1.0,android,50.0,8.0,1,256.0,1080,2460
samsung,Samsung Galaxy A04e,9299,65.0,False,False,False,helio,8.0,2.3,5000.0,0,,3,32,6.5,60,2,1.0,android,13.0,5.0,1,1024.0,720,1600
realme,Realme 9i 5G (6GB RAM + 128GB),16999,78.0,True,False,False,dimensity,8.0,2.4,5000.0,1,18.0,6,128,6.6,90,3,1.0,android,50.0,8.0,1,1024.0,1080,2408
xiaomi,Xiaomi Redmi Note 11 (6GB RAM + 64GB),12188,79.0,False,False,True,snapdragon,8.0,2.4,5000.0,1,33.0,6,64,6.43,90,4,1.0,android,50.0,13.0,1,512.0,1080,2400
vivo,Vivo Y02,8999,,False,False,False,helio,8.0,,5000.0,1,10.0,3,32,6.51,60,1,1.0,android,8.0,5.0,1,1024.0,720,1600
poco,POCO C31 (4GB RAM + 64GB),7499,68.0,False,False,False,helio,8.0,2.3,5000.0,0,,4,64,6.53,60,3,1.0,android,13.0,5.0,1,512.0,720,1600
realme,Realme Narzo 50 5G,17999,79.0,True,False,False,dimensity,8.0,2.4,5000.0,1,33.0,6,128,6.6,90,3,1.0,android,48.0,16.0,1,1024.0,1080,2400
vivo,Vivo T1x 4G,11999,74.0,False,False,False,snapdragon,8.0,2.4,5000.0,1,18.0,4,64,6.58,90,2,1.0,android,50.0,8.0,1,,1080,2408
xiaomi,Xiaomi Redmi 10 Power,11999,77.0,False,False,True,snapdragon,8.0,2.4,6000.0,1,18.0,8,128,6.7,60,2,1.0,android,50.0,5.0,1,,720,1650
oppo,OPPO A58,18990,76.0,True,False,False,dimensity,8.0,2.2,5000.0,1,33.0,6,128,6.56,90,2,1.0,android,50.0,8.0,1,1024.0,720,1612
vivo,Vivo T1 44W,14499,77.0,False,False,False,snapdragon,8.0,2.4,5000.0,1,44.0,4,128,6.44,60,3,1.0,android,50.0,16.0,1,1024.0,1080,2408
vivo,Vivo Y16 (3GB RAM + 64GB),10499,66.0,False,False,False,helio,8.0,2.3,5000.0,1,10.0,3,64,6.51,60,2,1.0,android,13.0,5.0,1,,720,1600
vivo,Vivo Y75 4G,19990,82.0,False,False,False,helio,8.0,2.05,4050.0,1,44.0,8,128,6.44,60,3,1.0,android,50.0,44.0,1,1024.0,1080,2400
oppo,OPPO A57 4G (4GB RAM + 64 GB),13969,69.0,False,False,False,helio,8.0,2.3,5000.0,1,33.0,4,64,6.56,60,2,1.0,android,13.0,8.0,1,,720,1612
xiaomi,Xiaomi Redmi Note 11T 5G (6GB RAM + 128GB),16999,81.0,True,False,True,dimensity,8.0,2.4,5000.0,1,33.0,6,128,6.6,90,2,1.0,android,50.0,16.0,1,1024.0,1080,2400
motorola,Motorola Moto G31,9999,75.0,False,False,False,helio,8.0,2.0,5000.0,1,20.0,4,64,6.47,60,3,1.0,android,50.0,13.0,1,1024.0,1080,2400
infinix,Infinix Zero 20,17999,87.0,False,True,False,helio,8.0,2.2,4500.0,1,45.0,8,128,6.7,90,3,1.0,android,108.0,60.0,1,2048.0,1080,2400
iqoo,iQOO Z6 5G (6GB RAM + 128GB),16940,80.0,True,False,False,snapdragon,8.0,2.2,5000.0,1,18.0,6,128,6.58,120,3,1.0,android,50.0,16.0,1,1024.0,1080,2408
xiaomi,Xiaomi Redmi Note 11 Pro 5G,17990,81.0,True,False,True,snapdragon,8.0,2.2,5000.0,1,67.0,6,64,6.67,120,3,1.0,android,108.0,16.0,1,,1080,2400
vivo,Vivo U3x,8990,71.0,True,False,False,snapdragon,8.0,2.0,5000.0,1,18.0,6,64,6.58,90,2,1.0,android,13.0,8.0,0,,1080,2408
motorola,Motorola Moto G23,19999,77.0,False,True,False,helio,8.0,2.0,5000.0,1,30.0,4,128,6.5,90,3,1.0,android,50.0,16.0,1,512.0,720,1600
poco,Poco M4 5G (6GB RAM + 128GB),13499,79.0,True,False,True,dimensity,8.0,2.2,5000.0,1,18.0,6,128,6.58,90,2,1.0,android,50.0,8.0,1,512.0,1080,2400
tecno,Tecno Pova 5G,15499,78.0,True,False,False,dimensity,8.0,2.4,6000.0,1,18.0,8,128,6.9,120,3,1.0,android,50.0,16.0,1,512.0,1080,2460
poco,POCO C31,6499,65.0,False,False,False,helio,8.0,2.3,5000.0,0,,3,32,6.53,60,3,1.0,android,13.0,5.0,1,512.0,720,1600
infinix,Infinix Note 12 5G,15999,78.0,True,False,False,dimensity,8.0,2.4,5000.0,1,33.0,6,64,6.7,60,3,1.0,android,50.0,16.0,1,2048.0,1080,2400
redmi,Redmi Note 11 Pro 2023,18999,81.0,False,False,True,snapdragon,8.0,2.3,5000.0,1,67.0,6,128,6.67,120,4,1.0,android,108.0,16.0,1,1024.0,1080,2400
samsung,Samsung Galaxy A32 (8GB RAM + 128GB),16499,82.0,False,False,False,helio,8.0,2.0,5000.0,1,15.0,8,128,6.4,90,4,1.0,android,64.0,20.0,1,1024.0,1080,2400
infinix,Infinix Note 12i (2022),9999,73.0,False,False,False,helio,8.0,2.0,5000.0,1,33.0,4,64,6.7,60,3,1.0,android,50.0,8.0,1,512.0,1080,2400
xiaomi,Xiaomi Redmi 11 Prime 5G (6GB RAM + 128GB),15990,77.0,True,False,True,dimensity,8.0,2.2,5000.0,1,18.0,6,128,6.58,90,2,1.0,android,50.0,5.0,1,512.0,1080,2408
tecno,Tecno Pova 3 (6GB RAM + 128GB),13799,77.0,False,False,False,helio,8.0,2.0,7000.0,1,33.0,6,128,6.9,90,3,1.0,android,50.0,8.0,1,256.0,1080,2460
realme,Realme C31 (4GB RAM + 64GB),8999,65.0,False,False,False,tiger,8.0,1.82,5000.0,0,,4,64,6.52,60,3,1.0,android,13.0,5.0,1,1024.0,720,1600
xiaomi,Xiaomi Redmi Note 10T 5G,12999,75.0,True,False,True,dimensity,8.0,2.2,5000.0,1,18.0,4,64,6.5,90,3,1.0,android,48.0,8.0,1,1024.0,1080,2400
samsung,Samsung Galaxy A23 (8GB RAM + 128GB),19990,82.0,False,False,False,snapdragon,8.0,2.4,5000.0,1,25.0,8,128,6.6,60,4,1.0,android,50.0,8.0,1,1024.0,1080,2408
xiaomi,Xiaomi Redmi Note 12 Turbo,19999,81.0,True,True,True,snapdragon,8.0,2.4,5000.0,1,67.0,8,128,6.67,120,3,1.0,android,50.0,16.0,0,,1080,2400
infinix,Infinix Note 12 Pro,16900,83.0,False,False,False,helio,8.0,2.2,5000.0,1,33.0,8,256,6.7,60,3,1.0,android,108.0,16.0,1,2048.0,1080,2400
infinix,Infinix Hot 20 (6GB RAM+ 128GB),19999,78.0,True,False,False,dimensity,8.0,2.4,5000.0,1,18.0,6,128,6.6,120,2,1.0,android,50.0,8.0,1,1024.0,1080,2408
samsung,Samsung Galaxy M13,12999,75.0,False,False,False,exynos,8.0,2.0,6000.0,1,15.0,6,128,6.6,60,3,1.0,android,50.0,8.0,1,1024.0,1080,2400
poco,Poco M4 Pro 5G (8GB RAM + 128GB),15999,82.0,True,False,True,dimensity,8.0,2.4,5000.0,1,33.0,8,128,6.6,90,2,1.0,android,50.0,16.0,1,1024.0,1080,2400
xiaomi,Xiaomi Redmi Note 10S (8GB RAM + 128GB),13999,82.0,False,False,True,helio,8.0,2.05,5000.0,1,33.0,8,128,6.43,60,4,1.0,android,64.0,13.0,1,512.0,1080,2400
realme,Realme C11 2021 (4GB RAM + 64GB),7749,61.0,False,False,False,sc9863a,8.0,1.6,5000.0,0,,4,64,6.52,60,1,1.0,android,8.0,5.0,1,,720,1600
xiaomi,Xiaomi Redmi 10A,7499,64.0,False,False,False,helio,8.0,2.0,5000.0,0,,3,32,6.53,60,1,1.0,android,13.0,5.0,1,512.0,720,1600
vivo,Vivo Y01A,7790,60.0,False,False,False,helio,8.0,2.3,5000.0,1,10.0,2,32,6.51,60,1,1.0,android,8.0,5.0,1,,720,1600
realme,Realme C30 (3GB RAM + 32GB),6299,60.0,False,False,False,tiger,8.0,1.82,5000.0,0,,3,32,6.5,60,1,1.0,android,8.0,5.0,1,1024.0,720,1600
motorola,Motorola Moto G51 5G,12999,77.0,True,True,False,snapdragon,8.0,2.2,5000.0,0,,4,64,6.8,120,3,1.0,android,50.0,13.0,1,512.0,1080,2400
xiaomi,Xiaomi Redmi 10 (6GB RAM + 128GB),11999,75.0,False,False,False,snapdragon,8.0,2.4,6000.0,1,18.0,6,128,6.7,60,2,1.0,android,50.0,5.0,1,512.0,720,1600
samsung,Samsung Galaxy A13 (4GB RAM + 128GB),14999,75.0,False,False,False,,8.0,2.0,5000.0,1,25.0,4,128,6.6,60,4,1.0,android,50.0,8.0,1,1024.0,1080,2408
motorola,Motorola Moto G71 5G,16999,80.0,True,True,False,snapdragon,8.0,2.2,5000.0,1,33.0,6,128,6.4,60,3,1.0,android,50.0,16.0,0,,1080,2400
itel,itel S16 Pro,6990,,False,False,False,,4.0,1.3,4000.0,0,,2,32,6.6,60,3,1.0,android,8.0,8.0,1,32.0,1600,720
samsung,Samsung Galaxy M13 5G (4GB RAM + 64GB),12944,71.0,True,False,False,dimensity,8.0,2.2,5000.0,1,15.0,4,64,6.5,90,2,1.0,android,50.0,5.0,1,1024.0,720,1600
honor,Honor X9 5G,16999,80.0,True,True,False,snapdragon,8.0,2.2,4800.0,1,66.0,8,128,6.81,60,3,1.0,android,48.0,16.0,0,,1080,2388
tecno,Tecno Spark 9,8999,69.0,False,False,False,helio,8.0,2.3,5000.0,0,,6,128,6.6,90,2,1.0,android,13.0,8.0,1,256.0,720,1600
xiaomi,Xiaomi Redmi Note 10 Pro (6GB RAM + 128GB),17999,81.0,False,False,True,snapdragon,8.0,2.3,5020.0,1,33.0,6,128,6.67,120,4,1.0,android,64.0,16.0,1,512.0,1080,2400
infinix,Infinix Hot 20 Play,8999,67.0,False,False,False,helio,8.0,2.3,6000.0,1,18.0,4,64,6.82,90,2,1.0,android,13.0,8.0,1,256.0,720,1640
vivo,Vivo T1x (6GB RAM + 128GB),14999,77.0,False,False,False,snapdragon,8.0,2.4,5000.0,1,18.0,6,128,6.58,90,2,1.0,android,50.0,8.0,1,,1080,2408
oppo,OPPO F23 Pro,19990,82.0,True,False,False,snapdragon,8.0,2.2,4500.0,1,33.0,8,128,6.5,90,3,1.0,android,64.0,32.0,1,256.0,1080,2400
infinix,Infinix Note 12,11700,74.0,False,False,False,helio,8.0,2.0,5000.0,1,33.0,4,64,6.7,60,3,1.0,android,50.0,16.0,1,512.0,2400,1080
samsung,Samsung Galaxy A03 Core,6499,,False,False,False,unisoc,4.0,1.6,5000.0,0,,2,32,6.5,60,1,1.0,android,8.0,5.0,1,1024.0,720,1600
motorola,Motorola Moto G60,15999,84.0,False,True,False,snapdragon,8.0,2.3,6000.0,1,20.0,6,128,6.78,120,3,1.0,android,108.0,32.0,1,1024.0,1080,2460
xiaomi,Xiaomi Redmi Note 11S,14590,80.0,False,False,True,helio,8.0,2.05,5000.0,1,33.0,6,64,6.43,90,4,1.0,android,108.0,16.0,1,512.0,1080,2400
xiaomi,Xiaomi Redmi 9 Activ,7499,68.0,False,False,False,helio,8.0,2.3,5000.0,0,,4,64,6.53,60,2,1.0,android,13.0,5.0,1,512.0,720,1600
samsung,Samsung Galaxy A04,11999,71.0,False,False,False,helio,8.0,2.3,5000.0,1,,4,64,6.5,60,2,1.0,android,50.0,5.0,1,1024.0,720,1600
poco,POCO M4 Pro 4G (6GB RAM + 128GB),12999,79.0,False,False,True,helio,8.0,2.05,5000.0,1,33.0,6,128,6.43,90,3,1.0,android,64.0,16.0,1,1024.0,1080,2400
motorola,Motorola Moto G22,9499,75.0,False,False,False,helio,8.0,2.3,5000.0,1,20.0,4,64,6.53,90,4,1.0,android,50.0,16.0,1,1024.0,720,1600
xiaomi,Xiaomi Redmi 9i Sport,7499,66.0,False,False,False,helio,8.0,2.0,5000.0,1,10.0,4,64,6.53,60,1,1.0,android,13.0,5.0,1,512.0,720,1600
jio,Jio JioPhone Next,4649,,False,False,False,snapdragon,4.0,1.3,3500.0,0,,2,32,5.45,60,1,1.0,android,13.0,8.0,1,512.0,720,1440
vivo,Vivo Y93,18000,62.0,False,False,False,helio,8.0,2.0,4030.0,0,,4,32,6.2,60,2,1.0,android,13.0,8.0,1,256.0,1520,720
realme,Realme C30s,7145,,False,False,False,unisoc,8.0,1.6,5000.0,1,10.0,2,32,6.5,60,1,1.0,android,8.0,5.0,1,1024.0,720,1600
vivo,Vivo Y22s,14990,77.0,False,False,False,snapdragon,8.0,2.4,5000.0,1,18.0,8,128,6.55,90,2,1.0,android,50.0,8.0,1,1024.0,1612,720
oppo,OPPO A77,15499,70.0,False,False,False,helio,8.0,2.3,5000.0,1,33.0,4,64,6.56,60,2,1.0,android,50.0,8.0,1,,720,1600
xiaomi,Xiaomi Redmi 10A Sport,9999,69.0,False,False,True,helio,8.0,2.0,5000.0,0,,6,128,6.53,60,1,1.0,android,13.0,5.0,1,512.0,720,1600
realme,Realme 9 4G (8GB RAM + 128GB),15999,84.0,False,False,False,snapdragon,8.0,2.4,5000.0,1,33.0,8,128,6.4,90,3,1.0,android,108.0,16.0,1,256.0,1080,2400
tecno,Tecno Spark 9 (4GB RAM + 64GB),7999,65.0,False,False,False,helio,8.0,2.3,5000.0,0,,4,64,6.6,90,2,1.0,android,13.0,8.0,1,256.0,720,1600
xiaomi,Xiaomi Redmi Note 11T 5G (8GB RAM + 128GB),18499,83.0,True,False,True,dimensity,8.0,2.4,5000.0,1,33.0,8,128,6.6,90,2,1.0,android,50.0,16.0,1,1024.0,1080,2400
poco,Poco X3,13499,80.0,False,False,True,snapdragon,8.0,2.3,6000.0,1,33.0,6,64,6.67,120,4,1.0,android,64.0,20.0,1,512.0,1080,2400
vivo,Vivo Y02s,8990,61.0,False,False,False,helio,8.0,2.3,5000.0,1,10.0,3,32,6.51,60,1,1.0,android,8.0,5.0,1,,720,1600
letv,Letv Y2 Pro,6999,,False,False,False,unisoc,8.0,,4000.0,0,,4,32,6.5,60,3,1.0,android,13.0,8.0,0,,720,1560
tecno,Tecno Spark 8C (4GB RAM + 64GB),8890,63.0,False,False,False,unisoc,8.0,2.0,5000.0,0,,4,64,6.6,90,2,1.0,android,13.0,8.0,1,256.0,720,1612
iqoo,iQOO Z6 5G (8GB RAM + 128GB),18498,82.0,True,False,False,snapdragon,8.0,2.2,5000.0,1,18.0,8,128,6.58,120,3,1.0,android,50.0,16.0,1,1024.0,1080,2408
samsung,Samsung Galaxy A04s,12990,71.0,False,False,False,exynos,8.0,2.0,5000.0,1,15.0,4,64,6.5,90,3,1.0,android,50.0,5.0,1,1024.0,720,1600
realme,Realme 9i (6GB RAM + 128GB),14999,78.0,False,False,False,snapdragon,8.0,2.4,5000.0,1,33.0,6,128,6.6,90,3,1.0,android,50.0,16.0,1,1024.0,1080,2412
realme,Realme 8 5G (8GB RAM + 128GB),18499,80.0,True,False,False,dimensity,8.0,2.2,5000.0,1,18.0,8,128,6.5,90,3,1.0,android,48.0,16.0,1,1024.0,1080,2400
oppo,OPPO F19,14990,78.0,False,False,False,snapdragon,8.0,2.0,5000.0,1,33.0,6,128,6.4,60,3,1.0,android,48.0,16.0,1,256.0,1080,2400
samsung,Samsung Galaxy M32 Prime Edition,12120,75.0,False,False,False,helio,8.0,2.0,6000.0,1,15.0,4,64,6.4,90,4,1.0,android,64.0,20.0,1,1024.0,1080,2400
xiaomi,Xiaomi Redmi Note 10 Lite (6GB RAM + 128GB),11999,80.0,False,False,True,snapdragon,8.0,2.3,5020.0,1,18.0,6,128,6.67,60,4,1.0,android,48.0,16.0,1,512.0,1080,2400
samsung,Samsung Galaxy A13 5G,17990,73.0,True,True,False,dimensity,8.0,2.2,5000.0,1,15.0,4,64,6.5,90,3,1.0,android,50.0,5.0,1,,720,1600
xiaomi,Xiaomi Redmi Note 11 5G,14990,77.0,True,False,True,dimensity,8.0,2.4,5000.0,1,33.0,4,128,6.6,90,2,1.0,android,50.0,16.0,1,512.0,1080,2400
itel,itel P36,6490,,False,False,False,spreadtrum,4.0,1.3,5000.0,0,,1,16,6.5,60,2,1.0,android,8.0,8.0,0,,1600,720
poco,Poco C50,6499,,False,False,False,helio,4.0,2.0,5000.0,1,10.0,2,32,6.52,60,2,1.0,android,8.0,5.0,1,512.0,720,1600
realme,Realme 9i (4GB RAM + 128GB),13999,75.0,False,False,False,snapdragon,8.0,2.4,5000.0,1,33.0,4,128,6.6,90,3,1.0,android,50.0,16.0,1,1024.0,1080,2412
xiaomi,Xiaomi Redmi Note 11T 5G,16999,79.0,True,False,True,dimensity,8.0,2.4,5000.0,1,33.0,6,64,6.6,90,2,1.0,android,50.0,16.0,1,1024.0,1080,2400
realme,Realme 9 5G SE,18999,80.0,True,False,False,snapdragon,8.0,2.4,5000.0,1,30.0,6,128,6.6,144,3,1.0,android,48.0,16.0,1,1024.0,1080,2412
samsung,Samsung Galaxy A03,7249,66.0,False,False,False,unisoc,8.0,1.6,5000.0,1,15.0,3,32,6.5,60,2,1.0,android,48.0,5.0,1,1024.0,720,1560
oneplus,OnePlus Nord N200,16990,75.0,True,True,False,snapdragon,8.0,2.0,5000.0,1,18.0,4,64,6.49,90,3,1.0,android,13.0,16.0,1,,1080,2400
xiaomi,Xiaomi Redmi 10A (6GB RAM + 128GB),10850,70.0,False,False,False,helio,8.0,2.0,5000.0,0,,6,128,6.53,60,1,1.0,android,13.0,5.0,1,512.0,720,1600
redmi,Redmi Note 12 Pro Speed Edition,19999,81.0,True,True,True,snapdragon,8.0,2.4,5000.0,1,67.0,6,128,6.67,120,3,1.0,android,108.0,16.0,0,,1080,2400
motorola,Motorola Moto G72,19990,81.0,True,True,False,snapdragon,8.0,2.2,5000.0,1,33.0,6,128,6.5,120,3,1.0,android,108.0,16.0,0,,1080,2400
oppo,OPPO A55 4G (6GB RAM + 128GB),14700,76.0,False,False,False,helio,8.0,2.3,5000.0,1,18.0,6,128,6.51,60,3,1.0,android,50.0,16.0,1,256.0,720,1600
xiaomi,Xiaomi Redmi Note 10,13990,75.0,False,False,True,snapdragon,8.0,2.2,5000.0,1,33.0,4,64,6.43,60,4,1.0,android,48.0,13.0,1,512.0,1080,2400
samsung,Samsung Galaxy M32 Prime Edition (6GB RAM + 128GB),14859,79.0,False,False,False,helio,8.0,2.0,6000.0,1,15.0,6,128,6.4,90,4,1.0,android,64.0,20.0,1,1024.0,1080,2400
tecno,Tecno Camon 19 Pro Mondrian Edition,17999,84.0,False,True,False,helio,8.0,2.05,5000.0,1,33.0,8,128,6.8,120,3,1.0,android,64.0,32.0,1,512.0,1080,2460
blu,BLU F91 5G,14990,85.0,True,True,False,dimensity,8.0,2.4,5000.0,1,,8,128,6.8,60,4,1.0,android,48.0,16.0,1,,1080,2460
oppo,OPPO A16e,8999,65.0,False,False,False,helio,8.0,2.0,4230.0,0,,3,32,6.52,60,1,1.0,android,13.0,5.0,1,1024.0,720,1600
motorola,Motorola Moto E32,8999,71.0,False,False,False,helio,8.0,2.3,5000.0,1,10.0,4,64,6.5,90,2,1.0,android,50.0,8.0,1,1024.0,720,1600
xiaomi,Xiaomi Redmi Note 11S (8GB RAM + 128GB),15824,84.0,False,False,True,helio,8.0,2.05,5000.0,1,33.0,8,128,6.43,90,4,1.0,android,108.0,16.0,1,512.0,1080,2400
poco,Poco X3 Pro,19650,82.0,False,False,True,snapdragon,8.0,2.96,5160.0,1,33.0,6,128,6.67,120,4,1.0,android,48.0,20.0,1,,1080,2400
xiaomi,Xiaomi Redmi 9A,6999,61.0,False,False,False,helio,8.0,2.0,5000.0,0,,2,32,6.53,60,1,1.0,android,13.0,5.0,1,512.0,720,1600
samsung,Samsung Galaxy A32,16499,80.0,False,False,False,helio,8.0,2.0,5000.0,1,15.0,6,128,6.4,90,4,1.0,android,64.0,20.0,1,1024.0,1080,2400
motorola,Motorola Moto G13,15999,75.0,False,True,False,helio,8.0,2.0,5000.0,1,10.0,4,128,6.5,90,3,1.0,android,50.0,8.0,1,512.0,720,1600
infinix,Infinix Smart 6 HD,6999,,False,False,False,helio,4.0,2.0,5000.0,0,,2,32,6.6,60,2,1.0,android,8.0,5.0,1,512.0,720,1600
realme,Realme C35 (4GB RAM + 128GB),12787,71.0,False,False,False,tiger,8.0,1.8,5000.0,1,18.0,4,128,6.6,90,3,1.0,android,50.0,8.0,1,1024.0,1080,2408
infinix,Infinix Hot 12,9999,72.0,False,False,False,helio,8.0,2.3,6000.0,1,18.0,4,64,6.82,90,3,1.0,android,50.0,8.0,1,512.0,720,1640
vivo,Vivo Y53s,15490,79.0,False,False,False,helio,8.0,2.0,5000.0,1,19.0,8,128,6.58,60,3,1.0,android,64.0,16.0,1,1024.0,1080,2408
samsung,Samsung Galaxy M04 (4GB RAM + 128GB),9499,68.0,False,False,False,helio,8.0,2.3,5000.0,1,15.0,4,128,6.5,60,2,1.0,android,13.0,5.0,1,1024.0,720,1600
redmi,Redmi 12C,7999,70.0,False,False,False,helio,8.0,2.0,5000.0,0,,4,64,6.71,60,2,1.0,android,50.0,5.0,1,512.0,720,1650
sony,Sony Xperia L5 5G,15990,73.0,False,True,False,helio,8.0,2.3,4000.0,1,,4,64,6.2,60,3,1.0,android,13.0,8.0,1,512.0,720,1680
tecno,Tecno Spark 8 Pro,8799,72.0,False,False,False,helio,8.0,2.0,5000.0,1,33.0,4,64,6.8,60,3,1.0,android,48.0,8.0,1,,1080,2460
xiaomi,Xiaomi Redmi 10 Prime,12390,74.0,False,False,True,helio,8.0,2.0,6000.0,1,18.0,4,64,6.5,90,4,1.0,android,50.0,8.0,1,512.0,1080,2400
samsung,Samsung Galaxy F22,11499,73.0,False,False,False,helio,8.0,2.0,6000.0,0,,4,64,6.4,90,4,1.0,android,48.0,13.0,1,1024.0,720,1600
samsung,Samsung Galaxy F13 (4GB RAM + 128GB),11999,75.0,False,True,False,exynos,8.0,2.0,6000.0,1,15.0,4,128,6.6,60,3,1.0,android,50.0,8.0,1,1024.0,2408,1080
nokia,Nokia G11 Plus,10499,70.0,False,False,False,unisoc,8.0,1.6,5000.0,1,10.0,4,64,6.52,90,2,1.0,android,50.0,8.0,1,512.0,720,1600
infinix,Infinix Hot 12 Play,8910,66.0,False,False,False,tiger,8.0,1.82,6000.0,1,18.0,4,64,6.82,90,2,1.0,android,13.0,8.0,1,256.0,1640,720
oppo,OPPO Reno7 Z 5G,17999,84.0,True,True,False,snapdragon,8.0,2.2,4500.0,1,33.0,8,128,6.43,60,3,1.0,android,64.0,16.0,1,,1080,2400
realme,Realme Narzo 50i,6490,,False,False,False,unisoc,8.0,1.6,5000.0,0,,2,32,6.5,60,1,1.0,android,8.0,5.0,1,256.0,720,1600
samsung,Samsung Galaxy M32,12364,76.0,False,False,False,helio,8.0,2.0,6000.0,1,15.0,4,64,6.4,90,4,1.0,android,64.0,20.0,1,1024.0,1080,2400
xiaomi,Xiaomi Poco F1,11999,77.0,False,False,False,snapdragon,8.0,2.8,4000.0,1,,6,64,6.18,60,2,1.0,android,12.0,20.0,1,256.0,1080,2246
vivo,Vivo Y25,7499,,False,False,False,helio,4.0,1.3,1900.0,0,,1,16,4.5,60,1,1.0,android,5.0,2.0,1,128.0,480,854
lyf,Lyf Earth 1,3990,60.0,False,False,False,snapdragon,8.0,1.5,3500.0,0,,3,32,5.5,60,2,1.0,android,13.0,5.0,1,64.0,1080,1920
motorola,Motorola Moto E13,10499,65.0,False,False,False,tiger,8.0,2.0,5000.0,1,10.0,2,64,6.5,60,1,1.0,android,13.0,5.0,1,1024.0,720,1600
tecno,Tecno Pop 6 Pro,6299,,False,False,False,helio,4.0,2.0,5000.0,0,,2,32,6.56,60,2,1.0,android,8.0,5.0,1,1024.0,720,1600
itel,Itel A24 Pro,5990,,False,False,False,unisoc,4.0,1.4,3020.0,0,,2,32,5.0,60,1,1.0,android,2.0,0.3,1,,854,480
iqoo,iQOO Z6 4G (6GB RAM + 128GB),15999,80.0,False,False,False,snapdragon,8.0,2.4,5000.0,1,44.0,6,128,6.44,120,3,1.0,android,50.0,16.0,1,1024.0,1080,2400
vivo,Vivo Y3 (4GB RAM + 128GB),12990,71.0,False,False,False,helio,8.0,2.3,5000.0,1,,4,128,6.35,60,3,1.0,android,13.0,16.0,1,256.0,720,1544
tecno,Tecno Pova 4 Pro,15999,74.0,False,False,False,helio,8.0,2.2,6000.0,1,45.0,8,256,6.66,90,2,1.0,android,50.0,8.0,1,1024.0,720,1600
vivo,Vivo T1x (4GB RAM + 128GB),12999,75.0,False,False,False,snapdragon,8.0,2.4,5000.0,1,18.0,4,128,6.58,90,2,1.0,android,50.0,8.0,1,,1080,2408
motorola,Motorola Moto E32s (4GB RAM + 64GB),8859,67.0,False,False,False,helio,8.0,1.8,5000.0,1,18.0,4,64,6.5,90,3,1.0,android,16.0,8.0,1,,720,1600
samsung,Samsung Galaxy A15,15990,63.0,False,False,False,,8.0,,5000.0,1,,6,64,6.5,60,3,1.0,android,48.0,8.0,1,1024.0,720,1600
realme,Realme Narzo 50 5G (4GB RAM + 128GB),14999,76.0,True,False,False,dimensity,8.0,2.4,5000.0,1,33.0,4,128,6.6,90,3,1.0,android,48.0,16.0,1,1024.0,1080,2400
vivo,Vivo Y77 5G,17990,76.0,True,False,False,dimensity,8.0,2.2,4500.0,1,80.0,6,128,6.64,120,2,1.0,android,50.0,8.0,1,1024.0,1080,2388
xiaomi,Xiaomi Redmi 11 Prime,11600,74.0,False,False,True,helio,8.0,2.2,5000.0,1,18.0,4,64,6.58,90,3,1.0,android,50.0,8.0,1,512.0,1080,2400
realme,Realme C31,8299,62.0,False,False,False,tiger,8.0,1.82,5000.0,0,,3,32,6.52,60,3,1.0,android,13.0,5.0,1,1024.0,720,1600
motorola,Motorola Moto G31 (6GB RAM+ 128GB),11999,78.0,False,False,False,helio,8.0,2.0,5000.0,1,20.0,6,128,6.47,60,3,1.0,android,50.0,13.0,1,1024.0,1080,2400
google,Google Pixel 2 XL,15990,69.0,False,True,False,snapdragon,8.0,2.35,3520.0,1,,4,128,6.0,60,1,1.0,android,12.2,8.0,0,,1440,2880
xiaomi,Xiaomi Redmi A1 Plus,7289,60.0,False,False,False,helio,4.0,2.0,5000.0,1,10.0,2,32,6.52,60,2,1.0,android,8.0,5.0,1,512.0,720,1600
realme,Realme Narzo 50 (6GB RAM + 128GB),15499,77.0,False,False,False,helio,8.0,2.0,5000.0,1,33.0,6,128,6.6,120,3,1.0,android,50.0,16.0,1,256.0,1080,2412
vivo,Vivo Y15s,8499,66.0,False,False,False,helio,8.0,2.3,5000.0,0,,3,32,6.51,60,2,1.0,android,13.0,8.0,1,1024.0,720,1600
samsung,Samsung Galaxy M32 (6GB RAM + 128GB),14490,80.0,False,False,False,helio,8.0,2.0,6000.0,1,15.0,6,128,6.4,90,4,1.0,android,64.0,20.0,1,1024.0,1080,2400
samsung,Samsung Galaxy F42 5G,15490,80.0,True,False,False,dimensity,8.0,2.2,5000.0,1,15.0,6,128,6.6,90,3,1.0,android,64.0,8.0,1,1024.0,1080,2408
realme,Realme Q5 5G,14990,78.0,True,False,False,snapdragon,8.0,2.2,5000.0,1,60.0,6,128,6.6,120,3,1.0,android,50.0,16.0,1,,1080,2412
poco,POCO M3 Pro 5G,15999,75.0,True,False,True,dimensity,8.0,2.2,5000.0,1,18.0,4,64,6.5,90,3,1.0,android,48.0,8.0,1,1024.0,1080,2400
samsung,Samsung Galaxy M13 (4GB RAM + 64GB),10630,71.0,False,False,False,exynos,8.0,2.0,6000.0,1,15.0,4,64,6.6,60,3,1.0,android,50.0,8.0,1,1024.0,1080,2400
iqoo,iQOO Z6 4G,14489,77.0,False,False,False,snapdragon,8.0,2.4,5000.0,1,44.0,4,128,6.44,120,3,1.0,android,50.0,16.0,1,1024.0,1080,2400
oppo,OPPO A76,16490,73.0,False,False,False,snapdragon,8.0,2.4,5000.0,1,33.0,6,128,6.56,90,2,1.0,android,13.0,8.0,1,,720,1612
vivo,Vivo Y01,7999,61.0,False,False,False,helio,8.0,2.3,5000.0,0,,2,32,6.51,60,1,1.0,android,8.0,5.0,1,1024.0,720,1600
vivo,Vivo Y73 2021,19990,80.0,False,False,False,helio,8.0,2.05,4000.0,1,33.0,8,128,6.44,60,3,1.0,android,64.0,16.0,1,,1080,2400
samsung,Samsung Galaxy F14,14990,67.0,False,True,False,,8.0,,5000.0,1,25.0,4,64,6.62,60,3,1.0,android,50.0,16.0,1,1024.0,2408,1080
xiaomi,Xiaomi Redmi Note 9 Pro,13999,75.0,False,False,True,snapdragon,8.0,2.3,5020.0,1,18.0,4,64,6.67,60,4,1.0,android,48.0,16.0,1,512.0,1080,2400
nokia,Nokia C31,9499,62.0,False,False,False,unisoc,8.0,1.6,5050.0,1,10.0,3,32,6.74,60,3,1.0,android,13.0,5.0,1,256.0,720,1600
infinix,Infinix Hot 12 Pro (8GB RAM+ 128GB),12340,76.0,False,False,False,tiger,8.0,2.0,5000.0,1,18.0,8,128,6.6,90,2,1.0,android,50.0,8.0,1,256.0,720,1612
poco,Poco M5,10799,74.0,False,False,True,helio,8.0,2.2,5000.0,1,18.0,4,64,6.58,90,3,1.0,android,50.0,8.0,1,512.0,1080,2400
xiaomi,Xiaomi Redmi 10C (4GB RAM + 128GB),14990,73.0,False,False,False,snapdragon,8.0,2.4,6000.0,1,18.0,4,128,6.7,60,2,1.0,android,50.0,5.0,1,512.0,720,1600
oppo,OPPO K10 (8GB RAM + 128GB),16990,80.0,False,False,False,snapdragon,8.0,2.4,5000.0,1,33.0,8,128,6.59,90,3,1.0,android,50.0,16.0,1,1024.0,1080,2412
huawei,Huawei Nova 9 SE,19990,84.0,False,True,False,snapdragon,8.0,2.4,4000.0,1,66.0,8,128,6.78,90,4,1.0,android,108.0,16.0,1,,1080,2388
nokia,Nokia X100 5G,17990,82.0,True,True,False,snapdragon,8.0,2.0,4470.0,1,18.0,6,128,6.67,60,4,1.0,android,48.0,16.0,1,1024.0,1080,2400
realme,Realme 8s 5G (8GB RAM + 128GB),17499,82.0,True,False,False,dimensity,8.0,2.4,5000.0,1,33.0,8,128,6.5,90,3,1.0,android,64.0,16.0,1,1024.0,1080,2400
realme,Realme 8s 5G,17999,80.0,True,False,False,dimensity,8.0,2.4,5000.0,1,33.0,6,128,6.5,90,3,1.0,android,64.0,16.0,1,1024.0,1080,2400
poco,Poco X5,14999,74.0,True,False,True,snapdragon,8.0,2.2,5000.0,1,33.0,4,128,6.67,120,3,1.0,android,48.0,8.0,0,,1080,2400
xiaomi,Xiaomi Redmi Note 10 Pro Max (6GB RAM + 128GB),19980,82.0,False,False,True,snapdragon,8.0,2.3,5020.0,1,33.0,6,128,6.67,120,4,1.0,android,108.0,16.0,1,512.0,1080,2400
realme,Realme 8,15999,78.0,False,False,False,helio,8.0,2.0,5000.0,1,30.0,4,128,6.4,60,4,1.0,android,64.0,16.0,1,256.0,1080,2400
motorola,Motorola Moto E32s,7990,65.0,False,False,False,helio,8.0,1.8,5000.0,1,18.0,3,32,6.5,90,3,1.0,android,16.0,8.0,1,1024.0,720,1600
oppo,OPPO A16e (4GB RAM + 64GB),8999,68.0,False,False,False,helio,8.0,2.0,4230.0,0,,4,64,6.52,60,1,1.0,android,13.0,5.0,1,1024.0,720,1600
poco,POCO M4 Pro 4G (8GB RAM + 128GB),13999,81.0,False,False,True,helio,8.0,2.05,5000.0,1,33.0,8,128,6.43,90,3,1.0,android,64.0,16.0,1,1024.0,1080,2400
realme,Realme Narzo 50A,11499,71.0,False,False,False,helio,8.0,2.0,6000.0,1,18.0,4,64,6.5,60,3,1.0,android,50.0,8.0,1,256.0,720,1600
xiaomi,Xiaomi Redmi Note 9 Pro Max,16490,80.0,False,False,True,snapdragon,8.0,2.3,5020.0,1,33.0,6,64,6.67,60,4,1.0,android,64.0,32.0,1,512.0,1080,2400
samsung,Samsung Galaxy A04e (3GB RAM + 64GB),9950,66.0,False,False,False,helio,8.0,2.3,5000.0,0,,3,64,6.5,60,2,1.0,android,13.0,5.0,1,1024.0,720,1600
oppo,Oppo A56s,12999,75.0,True,False,False,dimensity,8.0,2.4,5000.0,0,,8,128,6.56,60,2,1.0,android,13.0,8.0,1,,720,1612
oppo,Oppo Reno 8T 4G,19999,83.0,False,True,False,helio,8.0,2.2,5000.0,1,66.0,8,256,6.67,120,3,1.0,android,50.0,16.0,1,1024.0,1080,2400
oppo,OPPO A77 (4GB RAM + 128 GB),15998,71.0,False,False,False,helio,8.0,2.3,5000.0,1,33.0,4,128,6.56,60,2,1.0,android,50.0,8.0,1,,720,1600
oppo,Oppo K10x 5G,16990,78.0,True,False,False,snapdragon,8.0,2.2,5000.0,1,67.0,6,128,6.59,120,3,1.0,android,64.0,16.0,0,,1080,2412
nokia,Nokia G21 (6GB RAM + 128GB),13499,75.0,False,False,False,unisoc,8.0,1.6,5050.0,1,18.0,6,128,6.5,90,3,1.0,android,50.0,8.0,1,512.0,720,1600
samsung,Samsung Galaxy A13 (6GB RAM + 128GB),16499,78.0,False,False,False,,8.0,2.0,5000.0,1,25.0,6,128,6.6,60,4,1.0,android,50.0,8.0,1,1024.0,1080,2408
oppo,OPPO A16K (4GB RAM + 64GB),10999,66.0,False,False,False,helio,8.0,2.3,4230.0,0,,4,64,6.52,60,1,1.0,android,13.0,5.0,1,256.0,720,1600
xiaomi,Xiaomi Redmi 10C,13990,71.0,False,False,False,snapdragon,8.0,2.4,6000.0,1,18.0,4,64,6.7,60,2,1.0,android,50.0,5.0,1,512.0,720,1600
tecno,Tecno Spark 9 Pro,9999,74.0,False,False,False,helio,8.0,2.0,5000.0,1,18.0,4,64,6.6,90,3,1.0,android,48.0,32.0,1,,1080,2460
realme,Realme Narzo 50i (4GB RAM + 64GB),8999,62.0,False,False,False,unisoc,8.0,1.6,5000.0,0,,4,64,6.5,60,1,1.0,android,8.0,5.0,1,256.0,720,1600
xiaomi,Xiaomi Redmi 9 Activ (6GB RAM + 128GB),10499,72.0,False,False,False,helio,8.0,2.3,5000.0,0,,6,128,6.53,60,2,1.0,android,13.0,5.0,1,512.0,720,1600
jio,Jio JioPhone Next (3GB RAM + 32GB),7499,,False,False,False,snapdragon,4.0,1.3,3000.0,0,,3,32,5.5,60,1,1.0,android,13.0,8.0,1,,720,1440
xiaomi,Xiaomi Redmi Note 8 2021,9990,75.0,False,False,True,helio,8.0,2.0,4000.0,1,18.0,4,64,6.3,60,4,1.0,android,48.0,13.0,1,,1080,2340
xiaomi,Xiaomi Redmi Note 10 5G,12490,76.0,True,False,True,dimensity,8.0,2.2,5000.0,1,18.0,4,128,6.5,90,3,1.0,android,48.0,8.0,1,512.0,1080,2400
vivo,Vivo Y20G,13990,69.0,False,False,False,helio,8.0,2.0,5000.0,1,18.0,4,64,6.51,60,3,1.0,android,13.0,8.0,1,256.0,720,1600
samsung,Samsung Galaxy A22 5G,17990,79.0,True,False,False,dimensity,8.0,2.2,5000.0,1,15.0,6,128,6.6,90,3,1.0,android,48.0,8.0,1,1024.0,1080,2408
oneplus,OnePlus Nord Lite,19999,77.0,False,False,False,snapdragon,8.0,2.0,4300.0,1,30.0,8,128,6.55,90,3,1.0,android,48.0,16.0,0,,1080,2400
sony,Sony Xperia Ace IV,19990,80.0,False,True,False,snapdragon,8.0,2.0,5000.0,1,33.0,8,128,6.5,120,2,1.0,android,50.0,16.0,1,1024.0,1080,2400
samsung,Samsung Galaxy A04e (4GB RAM + 128GB),11499,69.0,False,False,False,helio,8.0,2.3,5000.0,0,,4,128,6.5,60,2,1.0,android,13.0,5.0,1,1024.0,720,1600
xiaomi,Xiaomi Redmi Note 12 4G,13999,75.0,False,False,True,helio,8.0,2.2,5000.0,1,33.0,4,64,6.67,120,3,1.0,android,48.0,13.0,1,1024.0,1080,2400
xiaomi,Xiaomi Redmi Note 11T Pro 5G,19990,82.0,True,True,True,dimensity,8.0,2.85,5080.0,1,67.0,6,128,6.6,144,3,1.0,android,64.0,16.0,1,1024.0,1080,2460
vivo,Vivo T1 44W (8GB RAM + 128GB),17999,82.0,False,False,False,snapdragon,8.0,2.4,5000.0,1,44.0,8,128,6.44,60,3,1.0,android,50.0,16.0,1,1024.0,1080,2408
xiaomi,Xiaomi Redmi Note 11S (6GB RAM + 128GB),15499,81.0,False,False,True,helio,8.0,2.05,5000.0,1,33.0,6,128,6.43,90,4,1.0,android,108.0,16.0,1,512.0,1080,2400
lava,Lava Agni 5G,17990,84.0,True,False,False,dimensity,8.0,2.4,5000.0,1,30.0,8,128,6.78,90,4,1.0,android,64.0,16.0,1,1024.0,1080,2460
realme,Realme 8i (6GB RAM + 128GB),13999,77.0,False,False,False,helio,8.0,2.05,5000.0,1,18.0,6,128,6.6,120,3,1.0,android,50.0,16.0,1,256.0,1080,2412
oppo,OPPO A55 4G,13499,73.0,False,False,False,helio,8.0,2.3,5000.0,1,18.0,4,64,6.51,60,3,1.0,android,50.0,16.0,1,256.0,720,1600
poco,POCO M3 Pro 5G (6GB RAM + 128GB),14799,79.0,True,False,True,dimensity,8.0,2.2,5000.0,1,18.0,6,128,6.5,90,3,1.0,android,48.0,8.0,1,1024.0,1080,2400
realme,Realme C21Y,6999,62.0,False,False,False,unisoc,8.0,1.8,5000.0,0,,3,32,6.5,60,3,1.0,android,13.0,5.0,1,256.0,720,1600
oppo,OPPO A16,11999,69.0,False,False,False,helio,8.0,2.3,5000.0,0,,4,64,6.52,60,3,1.0,android,13.0,8.0,1,,720,1600
samsung,Samsung Galaxy A12,11999,71.0,False,False,False,helio,8.0,2.3,5000.0,1,15.0,4,64,6.5,60,4,1.0,android,48.0,8.0,1,,720,1560
xiaomi,Xiaomi Redmi Note 12 Pro 4G,14999,77.0,False,True,True,snapdragon,8.0,2.3,5000.0,1,67.0,6,128,6.67,120,3,1.0,android,50.0,16.0,0,,1080,2400
realme,Realme C30s (4GB RAM + 64GB),8990,62.0,False,False,False,unisoc,8.0,1.6,5000.0,1,10.0,4,64,6.5,60,1,1.0,android,8.0,5.0,1,1024.0,720,1600
tecno,Tecno Camon 19 Pro,17990,81.0,False,False,False,helio,8.0,2.05,5000.0,1,33.0,8,128,6.8,120,3,1.0,android,64.0,32.0,0,,1080,2460
vivo,Vivo Y10,12490,63.0,False,False,False,helio,8.0,2.3,5000.0,0,,4,128,6.51,60,2,1.0,android,13.0,8.0,0,,720,1600
vivo,Vivo Y33s,16685,80.0,False,False,False,helio,8.0,2.0,5000.0,1,18.0,8,128,6.58,60,3,1.0,android,50.0,16.0,1,1024.0,1080,2408
micromax,Micromax IN 2B,6999,66.0,False,False,False,unisoc,8.0,1.8,5000.0,0,,4,64,6.52,60,2,1.0,android,13.0,5.0,1,256.0,720,1600
realme,Realme 8 5G,16499,75.0,True,False,False,dimensity,8.0,2.2,5000.0,1,18.0,4,128,6.5,90,3,1.0,android,48.0,16.0,1,1024.0,1080,2400
oppo,OPPO A55 5G,17990,74.0,True,False,False,dimensity,8.0,2.2,5000.0,0,,6,128,6.5,60,3,1.0,android,13.0,8.0,1,,720,1600
xiaomi,Xiaomi Redmi 9,8999,68.0,False,False,False,helio,8.0,2.3,5000.0,0,,4,64,6.53,60,2,1.0,android,13.0,5.0,1,512.0,720,1600
letv,Letv Y1 Pro Plus,5999,60.0,False,False,False,tiger,4.0,1.8,4000.0,1,10.0,6,64,6.5,60,2,1.0,android,8.0,5.0,0,,720,1560
vivo,Vivo Y73T,16990,77.0,True,False,False,dimensity,8.0,2.0,6000.0,1,44.0,8,128,6.58,60,2,1.0,android,50.0,8.0,0,,1080,2408
vivo,Vivo V25e,19990,84.0,False,False,False,helio,8.0,2.2,4500.0,1,44.0,8,256,6.44,90,3,1.0,android,64.0,32.0,1,,1080,2400
infinix,Infinix Hot 12 Pro,10850,74.0,False,False,False,tiger,8.0,2.0,5000.0,1,18.0,6,64,6.6,90,2,1.0,android,50.0,8.0,1,256.0,720,1612
realme,Realme Narzo 50 5G (4GB RAM + 64GB),13499,75.0,True,False,False,dimensity,8.0,2.4,5000.0,1,33.0,4,64,6.6,90,3,1.0,android,48.0,16.0,1,1024.0,1080,2400
itel,itel Vision 3,6699,61.0,False,False,False,unisoc,8.0,1.6,5000.0,1,18.0,3,64,6.6,60,2,1.0,android,8.0,5.0,1,128.0,1612,720
oppo,OPPO A96 4G,17999,80.0,False,False,False,snapdragon,8.0,2.4,5000.0,1,33.0,8,128,6.59,90,2,1.0,android,50.0,16.0,1,,1080,2412
xiaomi,Xiaomi Redmi Note 11E 5G,13990,69.0,True,False,True,dimensity,8.0,2.2,5000.0,1,18.0,4,128,6.58,90,2,1.0,android,50.0,5.0,0,,1080,2408
tecno,Tecno Spark 9T,8968,72.0,False,False,False,helio,8.0,2.3,5000.0,1,18.0,4,64,6.6,60,3,1.0,android,50.0,8.0,1,,1080,2408
infinix,Infinix Smart 6,7320,60.0,False,False,False,helio,4.0,2.0,5000.0,0,,2,64,6.6,60,2,1.0,android,8.0,5.0,1,512.0,720,1600
realme,Realme C25Y (4GB RAM + 64GB),8999,69.0,False,False,False,tiger,8.0,1.8,5000.0,1,18.0,4,64,6.5,60,3,1.0,android,50.0,8.0,1,256.0,1600,720
samsung,Samsung Galaxy A12 (6GB RAM + 128GB),13999,75.0,False,False,False,helio,8.0,2.3,5000.0,1,15.0,6,128,6.5,60,4,1.0,android,48.0,8.0,1,,720,1560
tecno,Tecno Camon 19,14746,79.0,False,True,False,helio,8.0,2.0,5000.0,1,18.0,6,128,6.8,60,3,1.0,android,64.0,16.0,1,512.0,1080,2460
xiaomi,Xiaomi Redmi Note 10 Pro 5G,16999,83.0,True,True,True,dimensity,8.0,2.6,5000.0,1,67.0,6,128,6.6,120,3,1.0,android,64.0,16.0,1,,1080,2400
xiaomi,Xiaomi Redmi Note 10 (6GB RAM + 128GB),16499,78.0,False,False,True,snapdragon,8.0,2.2,5000.0,1,33.0,6,128,6.43,60,4,1.0,android,48.0,13.0,1,512.0,1080,2400
xiaomi,Xiaomi Redmi Note 10 Pro Max,19999,81.0,False,False,True,snapdragon,8.0,2.3,5020.0,1,33.0,6,64,6.67,120,4,1.0,android,108.0,16.0,1,512.0,1080,2400
motorola,Motorola One Fusion Plus,19499,80.0,False,False,False,snapdragon,8.0,2.2,5000.0,1,18.0,6,128,6.5,60,4,1.0,android,64.0,16.0,1,1024.0,1080,2340
samsung,Samsung Galaxy A04s (4GB RAM + 128GB),14499,72.0,False,False,False,exynos,8.0,2.0,5000.0,1,15.0,4,128,6.5,90,3,1.0,android,50.0,5.0,1,1024.0,720,1600
vivo,Vivo Y35 5G,13999,70.0,True,False,False,dimensity,8.0,2.2,5000.0,1,15.0,4,128,6.51,60,2,1.0,android,13.0,5.0,1,1024.0,720,1600
vivo,Vivo Y02 (2GB RAM + 32GB),7999,,False,False,False,helio,8.0,,5000.0,1,10.0,2,32,6.51,60,1,1.0,android,8.0,5.0,1,1024.0,720,1600
itel,itel Vision 3 (2GB RAM + 32GB),5785,,False,False,False,unisoc,8.0,1.6,5000.0,1,18.0,2,32,6.6,60,2,1.0,android,8.0,5.0,1,128.0,1612,720
xiaomi,Xiaomi Redmi Note 11R,12990,73.0,True,False,True,dimensity,8.0,2.2,5000.0,1,18.0,4,128,6.58,90,2,1.0,android,13.0,5.0,1,512.0,1080,2400
poco,Poco M6 Pro,19990,84.0,True,False,True,dimensity,8.0,2.5,5100.0,1,120.0,8,128,6.73,120,3,1.0,android,108.0,32.0,1,1024.0,1080,2400
samsung,Samsung Galaxy A24,17999,77.0,False,False,False,exynos,8.0,1.8,4000.0,1,15.0,6,64,6.4,60,3,1.0,android,48.0,16.0,1,1024.0,1080,2408
infinix,Infinix Note 13 Pro,16999,80.0,False,False,False,helio,8.0,2.2,5000.0,1,120.0,6,128,6.91,60,4,1.0,android,108.0,16.0,1,256.0,1080,2460
honor,Honor Play 30,9999,68.0,True,False,False,snapdragon,8.0,2.2,5000.0,0,,4,128,6.5,60,1,1.0,android,13.0,5.0,1,,720,1600
infinix,Infinix Smart 6 Plus,8299,63.0,False,False,False,helio,8.0,2.0,5000.0,0,,3,64,6.82,60,2,1.0,android,8.0,5.0,1,512.0,720,1600
nokia,Nokia G21,11999,71.0,False,False,False,unisoc,8.0,1.6,5050.0,1,18.0,4,64,6.5,90,3,1.0,android,50.0,8.0,1,512.0,720,1600
vivo,Vivo Y21s,14990,74.0,False,False,False,helio,8.0,2.0,5000.0,1,18.0,4,128,6.51,60,3,1.0,android,50.0,8.0,1,1024.0,720,1600
oppo,OPPO F19s,15988,79.0,False,False,False,snapdragon,8.0,2.0,5000.0,1,33.0,6,128,6.43,60,3,1.0,android,48.0,16.0,1,256.0,1080,2400
samsung,Samsung Galaxy M21 2021,11725,76.0,False,False,False,exynos,8.0,2.3,6000.0,1,15.0,4,64,6.4,60,3,1.0,android,48.0,20.0,1,512.0,1080,2340
oppo,OPPO F19 Pro,17994,80.0,False,False,False,helio,8.0,2.2,4310.0,1,30.0,8,128,6.43,60,4,1.0,android,48.0,16.0,1,256.0,1080,2400
gionee,Gionee M12 Pro,7499,67.0,False,False,False,helio,8.0,1.99,4000.0,0,,6,128,6.2,60,1,1.0,android,16.0,13.0,1,256.0,720,1520
poco,Poco M2,10890,74.0,False,False,True,helio,8.0,2.0,5000.0,1,18.0,6,64,6.53,60,4,1.0,android,13.0,8.0,1,512.0,1080,2340
oppo,OPPO F17 Pro,18990,83.0,False,False,False,helio,8.0,2.2,4015.0,1,30.0,8,128,6.43,60,4,2.0,android,48.0,16.0,1,256.0,1080,2400
motorola,Motorola Moto G 5G,19990,82.0,True,True,False,snapdragon,8.0,2.2,5000.0,1,20.0,6,128,6.67,60,3,1.0,android,48.0,16.0,1,1024.0,1080,2400
samsung,Samsung Galaxy A50s,15990,80.0,False,True,False,exynos,8.0,2.3,4000.0,1,15.0,4,128,6.4,60,3,1.0,android,48.0,32.0,1,512.0,1080,2340
vivo,Vivo Y15,12500,71.0,False,False,False,helio,8.0,2.0,5000.0,0,,4,64,6.35,60,3,1.0,android,13.0,16.0,1,256.0,720,1544
realme,Realme C32,9499,65.0,False,False,False,tiger,8.0,1.82,5000.0,0,,4,64,6.52,60,3,1.0,android,13.0,5.0,1,1024.0,720,1600
infinix,Infinix Note 11S (8GB RAM + 128GB),15999,79.0,False,False,False,helio,8.0,2.05,5000.0,1,33.0,8,128,6.95,120,3,1.0,android,50.0,16.0,1,2048.0,1080,2460
tecno,Tecno Spark 8 (4GB RAM + 64GB),8999,64.0,False,False,False,helio,8.0,1.8,5000.0,0,,4,64,6.52,60,2,1.0,android,16.0,8.0,1,256.0,720,1600
oppo,Oppo A56 5G,17990,73.0,True,False,False,dimensity,8.0,2.2,5000.0,0,,6,128,6.5,60,2,1.0,android,13.0,8.0,1,,720,1600
xiaomi,Xiaomi Redmi 10 Prime (6GB RAM + 128GB),12999,77.0,False,False,True,helio,8.0,2.0,6000.0,1,18.0,6,128,6.5,90,4,1.0,android,50.0,8.0,1,512.0,1080,2400
tecno,Tecno Pop 5 Go,6999,,False,False,False,spreadtrum,4.0,1.3,4000.0,0,,1,16,6.1,60,2,1.0,android,5.0,5.0,1,,720,1520
nokia,Nokia C01 Plus,5249,,False,False,False,unisoc,8.0,1.6,3000.0,0,,2,16,5.45,60,1,1.0,android,5.0,5.0,1,256.0,720,1440
realme,Realme Q3,14999,80.0,True,False,False,snapdragon,8.0,2.2,5000.0,1,30.0,6,128,6.5,120,3,1.0,android,48.0,16.0,1,,1080,2400
poco,Poco M3,11499,75.0,False,False,True,snapdragon,8.0,2.0,6000.0,1,18.0,6,64,6.53,60,3,1.0,android,48.0,8.0,1,512.0,1080,2340
itel,itel S16,5990,,False,False,False,unisoc,4.0,1.3,4000.0,0,,1,16,6.5,60,3,1.0,android,8.0,8.0,1,32.0,1600,720
vivo,Vivo U3,9990,72.0,False,False,False,snapdragon,8.0,2.0,5000.0,1,18.0,4,64,6.53,60,3,1.0,android,16.0,16.0,1,256.0,1080,2340
oppo,Oppo K5 (8GB RAM + 128GB),19990,82.0,False,False,False,snapdragon,8.0,2.2,4000.0,1,30.0,8,128,6.4,60,4,1.0,android,64.0,32.0,1,256.0,1080,2340
realme,Realme XT,13279,75.0,False,False,False,snapdragon,8.0,2.3,4000.0,1,20.0,4,64,6.4,60,4,1.0,android,64.0,16.0,1,256.0,1080,2340
vivo,Vivo Y12 (3GB RAM + 64GB),11000,68.0,False,False,False,helio,8.0,2.0,5000.0,0,,3,64,6.35,60,3,1.0,android,13.0,8.0,1,256.0,720,1544
xiaomi,Xiaomi Poco F1 (6GB RAM + 128GB),12999,78.0,False,False,False,snapdragon,8.0,2.8,4000.0,1,,6,128,6.18,60,2,1.0,android,12.0,20.0,1,256.0,1080,2246
poco,Poco C50 (3GB RAM + 32GB),7299,61.0,False,False,False,helio,4.0,2.0,5000.0,1,10.0,3,32,6.52,60,2,1.0,android,8.0,5.0,1,512.0,720,1600
ikall,iKall Z19,7999,61.0,False,False,False,,4.0,1.6,5000.0,0,,4,32,6.5,60,1,1.0,android,20.0,13.0,1,128.0,720,1600
tecno,Tecno Pova Neo 5G,15499,71.0,False,False,False,dimensity,8.0,2.4,6000.0,1,18.0,4,128,6.8,120,2,1.0,android,50.0,8.0,1,1024.0,1080,2400
vivo,Vivo T2x 5G,18990,80.0,True,False,False,dimensity,8.0,3.0,6000.0,1,44.0,8,128,6.58,120,2,1.0,android,50.0,16.0,0,,1080,2408
motorola,Motorola Moto G52 5G,16999,76.0,True,True,False,snapdragon,8.0,2.2,5000.0,1,33.0,4,64,6.6,90,3,1.0,android,50.0,16.0,1,,2460,1080
vivo,Vivo Y15C,8499,66.0,False,False,False,helio,8.0,2.3,5000.0,0,,3,32,6.51,60,2,1.0,android,13.0,8.0,1,1024.0,720,1600
honor,Honor X8,16999,76.0,False,False,False,snapdragon,8.0,2.4,4000.0,1,22.0,6,128,6.7,90,4,1.0,android,64.0,16.0,0,,1080,2388
samsung,Samsung Galaxy A03 (4GB RAM + 64GB),11499,69.0,False,False,False,unisoc,8.0,1.6,5000.0,1,15.0,4,64,6.5,60,2,1.0,android,48.0,5.0,1,1024.0,720,1560
vivo,Vivo Y33T,15990,81.0,False,False,False,snapdragon,8.0,2.4,5000.0,1,18.0,8,128,6.58,90,3,1.0,android,50.0,16.0,1,1024.0,1080,2408
tecno,Tecno Spark Go 2022,6249,61.0,False,False,False,,8.0,2.2,5000.0,0,,2,32,6.51,60,2,1.0,android,13.0,8.0,1,256.0,720,1600
vivo,Vivo Y21e,12499,69.0,False,False,False,snapdragon,8.0,2.4,5000.0,1,18.0,3,64,6.51,60,2,1.0,android,13.0,8.0,1,1024.0,720,1600
xiaomi,Xiaomi Redmi 9A Sport,6499,61.0,False,False,False,helio,8.0,2.0,5000.0,0,,2,32,6.53,60,1,1.0,android,13.0,5.0,1,512.0,720,1600
vivo,Vivo Y12G (3GB RAM + 64GB),11990,68.0,False,False,False,snapdragon,8.0,2.0,5000.0,0,,3,64,6.51,60,3,1.0,android,13.0,8.0,1,,720,1600
samsung,Samsung Galaxy F22 (6GB RAM + 128GB),13499,76.0,False,False,False,helio,8.0,2.0,6000.0,0,,6,128,6.4,90,4,1.0,android,48.0,13.0,1,1024.0,720,1600
micromax,Micromax IN 2C,5999,60.0,False,False,False,tiger,8.0,1.8,5000.0,0,,3,32,6.52,60,1,1.0,android,8.0,5.0,1,256.0,720,1600
samsung,Samsung Galaxy A03s,8499,67.0,False,False,False,helio,8.0,2.3,5000.0,1,15.0,3,32,6.5,60,3,1.0,android,13.0,5.0,1,1024.0,720,1600
oppo,OPPO A54 (4GB RAM + 128GB),11990,71.0,False,False,False,helio,8.0,2.3,5000.0,1,,4,128,6.51,60,3,1.0,android,13.0,16.0,1,256.0,1600,720
xiaomi,Xiaomi Redmi 20X,10990,77.0,True,False,True,dimensity,8.0,2.2,5000.0,1,18.0,4,128,6.43,90,4,1.0,android,48.0,13.0,1,,1080,2340
realme,Realme Narzo 30 5G,16999,80.0,True,True,False,dimensity,8.0,2.2,5000.0,1,18.0,6,128,6.5,90,3,1.0,android,48.0,16.0,1,1024.0,1080,2400
oppo,OPPO A54,12199,70.0,False,False,False,helio,8.0,2.3,5000.0,1,,4,64,6.51,60,3,1.0,android,13.0,16.0,1,256.0,1600,720
oppo,Oppo A15s (4GB RAM + 128GB),11490,72.0,False,False,False,helio,8.0,2.3,4230.0,0,,4,128,6.52,60,3,1.0,android,13.0,8.0,1,256.0,720,1600
itel,itel A56,5490,,False,False,False,,4.0,1.3,4000.0,0,,1,16,6.0,60,2,1.0,android,8.0,5.0,1,32.0,720,1600
xiaomi,Xiaomi Redmi 9 Power,11499,74.0,False,False,True,snapdragon,8.0,2.0,6000.0,1,18.0,4,64,6.53,60,4,1.0,android,48.0,8.0,1,512.0,1080,2340
poco,POCO M2 Pro,12799,76.0,False,False,True,snapdragon,8.0,2.3,5000.0,1,33.0,4,64,6.67,60,4,1.0,android,48.0,16.0,1,512.0,1080,2400
realme,Realme 6 Pro,14490,80.0,False,False,False,snapdragon,8.0,2.3,4300.0,1,30.0,6,64,6.6,90,4,2.0,android,64.0,16.0,1,256.0,1080,2400
vivo,Vivo Y11 (2019),9490,64.0,False,False,False,snapdragon,8.0,2.0,5000.0,0,,3,32,6.35,60,2,1.0,android,13.0,8.0,1,256.0,720,1544
vivo,Vivo Y95,15000,65.0,False,False,False,snapdragon,8.0,1.95,4030.0,0,,4,64,6.22,60,2,1.0,android,13.0,20.0,1,256.0,1520,720
vivo,Vivo Y53t,11999,67.0,True,False,False,dimensity,8.0,2.0,6000.0,1,15.0,4,128,6.51,60,2,1.0,android,13.0,5.0,0,,720,1600
samsung,Samsung Galaxy A04 (4GB RAM + 128GB),12999,72.0,False,False,False,helio,8.0,2.3,5000.0,1,,4,128,6.5,60,2,1.0,android,50.0,5.0,1,1024.0,720,1600
infinix,Infinix Hot 20S,12999,77.0,False,False,False,helio,8.0,2.05,5000.0,1,18.0,8,128,6.78,60,2,1.0,android,50.0,8.0,1,,1080,2460
xiaomi,Xiaomi Redmi 13 Prime 5G,17990,79.0,True,False,True,snapdragon,8.0,2.0,5100.0,1,18.0,6,128,6.73,120,2,1.0,android,64.0,16.0,1,1024.0,1080,2408
xiaomi,Xiaomi Redmi 11 Prime (6GB RAM + 128GB),13774,76.0,False,False,True,helio,8.0,2.2,5000.0,1,18.0,6,128,6.58,90,3,1.0,android,50.0,8.0,1,512.0,1080,2400
nokia,Nokia C21 Plus (4GB RAM + 64GB),8999,64.0,False,False,False,unisoc,8.0,1.6,5050.0,0,,4,64,6.52,60,2,1.0,android,13.0,5.0,1,,720,1600
oneplus,OnePlus Nord N300,18990,75.0,True,True,False,dimensity,8.0,2.4,5000.0,1,33.0,4,64,6.56,90,2,1.0,android,48.0,16.0,1,,720,1612
tecno,Tecno Camon 19 Neo,14999,77.0,False,True,False,helio,8.0,2.0,5000.0,1,18.0,6,128,6.8,90,3,1.0,android,48.0,32.0,0,,1080,2400
realme,Realme Narzo 50i Prime,7999,61.0,False,False,False,tiger,8.0,1.82,5000.0,1,10.0,3,32,6.5,60,1,1.0,android,8.0,5.0,1,1024.0,720,1600
oppo,OPPO A57 4G,11990,67.0,False,False,False,helio,8.0,2.3,5000.0,1,33.0,3,64,6.56,60,2,1.0,android,13.0,8.0,1,,720,1612
infinix,Infinix Note 12 (6GB RAM + 128GB),12999,77.0,False,False,False,helio,8.0,2.0,5000.0,1,33.0,6,128,6.7,60,3,1.0,android,50.0,16.0,1,512.0,2400,1080
poco,Poco X6 Pro 5G,19999,72.0,True,False,False,snapdragon,8.0,,5000.0,1,,6,128,6.67,120,4,1.0,android,64.0,32.0,1,1024.0,1080,2400
infinix,Infinix Note 12 (G96),16999,79.0,False,False,False,helio,8.0,2.05,5000.0,1,33.0,8,128,6.7,60,3,1.0,android,50.0,16.0,1,,1080,2400
samsung,Samsung Galaxy M14,14999,60.0,False,False,False,exynos,8.0,,6000.0,0,,4,64,6.5,60,3,1.0,android,48.0,8.0,1,512.0,720,1600
xiaomi,Xiaomi Redmi 10 Prime Plus 5G,13990,69.0,True,False,True,dimensity,8.0,2.2,5000.0,1,18.0,4,128,6.58,90,2,1.0,android,50.0,5.0,0,,1080,2408
xiaomi,Xiaomi Redmi Note 11 Pro 4G,17999,81.0,False,False,True,helio,8.0,2.05,5000.0,1,67.0,6,128,6.67,120,4,1.0,android,108.0,16.0,1,1024.0,1080,2400
realme,Realme Narzo 50A Prime,11399,73.0,False,False,False,tiger,8.0,1.82,5000.0,1,18.0,4,64,6.6,60,3,1.0,android,50.0,8.0,1,1024.0,1080,2408
vivo,Vivo Y55s 5G,19990,79.0,True,False,False,dimensity,8.0,2.2,6000.0,1,18.0,8,128,6.58,60,2,1.0,android,50.0,8.0,0,,1080,2408
vivo,Vivo Y21T,15499,74.0,False,False,False,snapdragon,8.0,2.4,5000.0,1,18.0,4,128,6.51,90,3,1.0,android,50.0,8.0,1,1024.0,1600,720
gionee,Gionee K10,6999,,False,False,False,tiger,4.0,2.0,4800.0,0,,3,32,6.8,60,1,1.0,android,13.0,5.0,1,,720,1600
xiaomi,Xiaomi Redmi Note 10 Lite (4GB RAM + 128GB),12499,77.0,False,False,True,snapdragon,8.0,2.3,5020.0,1,18.0,4,128,6.67,60,4,1.0,android,48.0,16.0,1,512.0,1080,2400
infinix,Infinix Hot 11S,9690,71.0,False,False,False,helio,8.0,2.0,5000.0,0,,4,64,6.78,90,3,1.0,android,50.0,8.0,1,256.0,1080,2480
cat,CAT S22 Flip,14999,,False,False,False,snapdragon,4.0,1.3,2000.0,0,,2,16,4.0,60,1,1.0,,5.0,2.0,0,,480,640
xiaomi,Xiaomi Mi 11 Lite (8GB RAM + 128GB),18699,82.0,False,False,True,snapdragon,8.0,2.3,4250.0,1,33.0,8,128,6.55,90,3,1.0,android,64.0,16.0,1,512.0,1080,2400
realme,Realme Q3i 5G,10990,76.0,True,False,False,dimensity,8.0,2.2,5000.0,1,18.0,4,128,6.5,60,3,1.0,android,48.0,16.0,1,,1080,2400
realme,Realme Q2i,9999,69.0,True,False,False,dimensity,8.0,2.0,5000.0,1,18.0,4,128,6.5,60,3,1.0,android,13.0,8.0,0,,720,1600
xiaomi,Xiaomi Redmi 9i (4GB RAM + 128GB),9299,67.0,False,False,False,helio,8.0,2.0,5000.0,1,10.0,4,128,6.53,60,1,1.0,android,13.0,5.0,1,512.0,720,1600
realme,Realme 6 (6GB RAM + 64GB),12989,77.0,False,False,False,helio,8.0,2.05,4300.0,1,30.0,6,64,6.5,90,4,1.0,android,64.0,16.0,1,256.0,1080,2400
samsung,Samsung Galaxy A01 Core,4999,,False,False,False,mediatek,4.0,1.5,3000.0,0,,1,16,5.3,60,1,1.0,android,8.0,5.0,1,,720,1480
oppo,Oppo A31 2020 (6GB RAM + 128GB),12490,72.0,False,False,False,helio,8.0,2.3,4230.0,0,,6,128,6.5,60,3,1.0,android,12.0,8.0,1,256.0,720,1600
vivo,Vivo Y91c,8199,,False,False,False,helio,8.0,2.0,4030.0,0,,2,32,6.22,60,1,1.0,android,13.0,5.0,1,256.0,720,1520
vivo,Vivo U3 (6GB RAM + 64GB),11990,74.0,False,False,False,snapdragon,8.0,2.0,5000.0,1,18.0,6,64,6.53,60,3,1.0,android,16.0,16.0,1,256.0,1080,2340
xiaomi,Xiaomi Redmi Note 9,11989,75.0,False,False,True,helio,8.0,2.0,5020.0,1,22.0,4,64,6.53,60,4,1.0,android,48.0,13.0,1,512.0,1080,2340
xiaomi,Xiaomi Redmi 8 (4GB RAM + 64GB),11490,66.0,False,False,True,snapdragon,8.0,2.0,5000.0,1,18.0,4,64,6.22,60,2,1.0,android,12.0,8.0,1,512.0,720,1520
motorola,Motorola One Macro,11490,68.0,False,False,False,helio,8.0,2.0,4000.0,1,10.0,4,64,6.2,60,3,1.0,android,13.0,8.0,1,512.0,720,1520
google,Google Pixel 3a XL,15999,67.0,False,True,False,snapdragon,8.0,2.0,3700.0,1,18.0,4,64,6.0,60,1,1.0,android,12.2,8.0,0,,1080,2160
samsung,Samsung Galaxy A40,17990,69.0,False,False,False,exynos,8.0,2.2,3100.0,1,15.0,4,64,5.9,60,2,1.0,android,16.0,25.0,1,512.0,1080,2340
huawei,Huawei Honor 9N,10949,66.0,False,False,False,kirin,8.0,2.36,3000.0,0,,4,64,5.84,60,2,1.0,android,13.0,16.0,1,256.0,1080,2280
xiaomi,Xiaomi Redmi Note 4,10300,65.0,False,False,False,snapdragon,8.0,2.0,4100.0,0,,4,64,5.5,60,1,1.0,android,13.0,5.0,1,128.0,1080,1920
iqoo,iQOO Z9,19990,76.0,True,False,False,snapdragon,8.0,,5000.0,1,45.0,8,128,6.67,120,3,1.0,android,64.0,16.0,1,1024.0,1080,2412
poco,Poco M5 (6GB RAM + 128GB),14499,77.0,False,False,True,helio,8.0,2.2,5000.0,1,18.0,6,128,6.58,90,3,1.0,android,50.0,8.0,1,512.0,1080,2400
tecno,Tecno Pova Neo 2,13990,67.0,False,False,False,helio,8.0,2.0,7000.0,0,,6,128,6.82,90,2,1.0,android,16.0,8.0,1,512.0,720,1600
vivo,Vivo Y15C (3GB RAM + 64GB),10490,67.0,False,False,False,helio,8.0,2.3,5000.0,0,,3,64,6.51,60,2,1.0,android,13.0,8.0,1,1024.0,720,1600
infinix,Infinix Note 12 VIP,19999,84.0,False,False,False,helio,8.0,2.05,4500.0,1,120.0,8,128,6.7,120,3,1.0,android,108.0,16.0,1,256.0,1080,2400
realme,Realme Narzo 50A Prime (4GB RAM + 128GB),11879,74.0,False,False,False,tiger,8.0,1.82,5000.0,1,18.0,4,128,6.6,60,3,1.0,android,50.0,8.0,1,1024.0,1080,2408
xiaomi,Xiaomi Redmi Note 12T 5G,15999,78.0,True,False,True,dimensity,8.0,2.0,5000.0,1,33.0,6,64,6.52,90,3,1.0,android,64.0,16.0,1,512.0,1080,2400
tecno,Tecno Camon 18,11499,75.0,False,True,False,helio,8.0,2.0,5000.0,1,18.0,4,128,6.8,90,3,1.0,android,48.0,16.0,0,,1080,2460
tecno,Tecno Spark 8T,7999,70.0,False,False,False,helio,8.0,2.3,5000.0,0,,4,64,6.6,60,2,1.0,android,50.0,8.0,1,,720,1600
realme,Realme G1,7999,64.0,False,False,False,helio,8.0,2.3,6000.0,0,,3,32,6.52,60,3,1.0,android,13.0,5.0,1,256.0,720,1600
tecno,Tecno Pova 2,10999,74.0,False,False,False,helio,8.0,2.0,7000.0,1,18.0,4,64,6.95,60,4,1.0,android,48.0,8.0,1,256.0,1080,2460
poco,Poco X4,14990,79.0,True,False,False,dimensity,8.0,2.2,5000.0,1,67.0,6,128,6.67,120,3,1.0,android,50.0,16.0,1,1024.0,1080,2400
motorola,Motorola Moto G40 Fusion,14499,77.0,False,False,False,snapdragon,8.0,2.3,6000.0,1,20.0,4,64,6.78,120,3,1.0,android,64.0,16.0,1,256.0,1080,2460
realme,Realme 8 (8GB RAM + 128GB),17999,83.0,False,False,False,helio,8.0,2.0,5000.0,1,30.0,8,128,6.4,60,4,1.0,android,64.0,16.0,1,256.0,1080,2400
realme,Realme Narzo 30 Pro 5G (8GB RAM +128GB),19999,83.0,True,False,False,dimensity,8.0,2.4,5000.0,1,30.0,8,128,6.5,120,3,1.0,android,48.0,16.0,1,256.0,1080,2400
itel,Itel A23 Pro,3999,,False,False,False,spreadtrum,4.0,1.4,2400.0,0,,1,8,5.0,60,1,1.0,android,5.0,2.0,0,,854,480
oneplus,OnePlus Nord SE,19999,73.0,False,False,False,snapdragon,8.0,2.0,4500.0,1,65.0,4,64,6.3,60,4,1.0,android,48.0,13.0,1,256.0,1080,2400
samsung,Samsung Galaxy M12,10999,72.0,False,False,False,exynos,8.0,2.0,6000.0,1,15.0,4,64,6.5,90,4,1.0,android,48.0,8.0,1,1024.0,720,1600
oneplus,OnePlus Nord N100,16990,68.0,False,False,False,snapdragon,8.0,1.8,5000.0,1,18.0,4,64,6.52,90,3,1.0,android,13.0,8.0,1,256.0,720,1600
oppo,OPPO A15,9999,66.0,False,False,False,helio,8.0,2.3,4230.0,0,,3,32,6.52,60,3,1.0,android,13.0,5.0,1,256.0,720,1600
xiaomi,Xiaomi Redmi Note 9 Pro (4GB RAM + 128GB),14439,77.0,False,False,True,snapdragon,8.0,2.3,5020.0,1,18.0,4,128,6.67,60,4,1.0,android,48.0,16.0,1,512.0,1080,2400
oppo,Oppo A12,9990,64.0,False,False,False,helio,8.0,1.8,4230.0,0,,3,32,6.22,60,2,1.0,android,13.0,5.0,1,256.0,1520,720
xiaomi,Xiaomi Redmi Note 8 Pro,16999,78.0,False,False,True,helio,8.0,2.05,4500.0,1,18.0,6,64,6.53,60,4,1.0,android,64.0,20.0,1,512.0,1080,2340
realme,Realme A1,8999,,False,False,False,helio,8.0,2.1,4000.0,0,,2,16,6.2,60,2,1.0,android,13.0,8.0,1,256.0,720,1520
oppo,OPPO A73,15990,62.0,False,False,False,helio,8.0,2.5,3200.0,0,,3,32,6.0,60,1,1.0,android,13.0,16.0,1,,1080,2160
lyf,Lyf Earth 2,3890,,False,False,False,snapdragon,8.0,1.5,2500.0,0,,3,32,5.0,60,1,1.0,android,13.0,13.0,1,64.0,1080,1920
lava,Lava Blaze NXT,8999,66.0,False,False,False,helio,8.0,2.3,5000.0,0,,4,64,6.5,60,3,1.0,android,13.0,8.0,1,256.0,720,1600
motorola,Motorola Moto E22s,9022,70.0,False,False,False,helio,8.0,2.3,5000.0,1,10.0,4,64,6.5,90,2,1.0,android,16.0,8.0,1,,720,1600
xiaomi,Xiaomi Redmi A1 Plus (3GB RAM + 32GB),8399,61.0,False,False,False,helio,4.0,2.0,5000.0,1,10.0,3,32,6.52,60,2,1.0,android,8.0,5.0,1,512.0,720,1600
infinix,Infinix Hot 20i,9999,64.0,False,False,False,helio,8.0,2.0,5000.0,0,,3,64,6.6,60,2,1.0,android,13.0,8.0,1,,720,1612
tecno,Tecno Spark 9 (3GB RAM + 64GB),8390,63.0,False,False,False,helio,8.0,2.3,5000.0,0,,3,64,6.6,90,2,1.0,android,13.0,8.0,1,256.0,720,1600
zte,ZTE Axon 30S,19999,82.0,True,True,False,snapdragon,8.0,3.2,4200.0,1,55.0,6,128,6.9,120,4,1.0,android,50.0,16.0,1,,1080,2460
honor,Honor X6,13999,71.0,False,False,False,helio,8.0,2.0,5000.0,1,10.0,4,64,6.5,60,3,1.0,android,50.0,5.0,1,,720,1600
tcl,TCL Ion X,8990,60.0,False,False,False,helio,8.0,2.0,3000.0,1,10.0,3,32,6.0,60,1,1.0,android,13.0,5.0,1,,720,1440
samsung,Samsung Galaxy A05,12990,63.0,False,False,False,,8.0,,5000.0,1,18.0,4,64,6.5,60,2,1.0,android,48.0,5.0,1,1024.0,720,1560
infinix,Infinix Note 12 Turbo,14999,79.0,False,False,False,helio,8.0,2.0,5000.0,1,33.0,8,128,6.7,60,3,1.0,android,50.0,16.0,1,512.0,2400,1080
iqoo,iQOO Z8 5G,14999,78.0,True,False,False,snapdragon,8.0,2.2,5000.0,1,18.0,4,128,6.58,120,3,1.0,android,50.0,16.0,1,1024.0,1080,2412
tecno,Tecno Spark 8C,7399,62.0,False,False,False,unisoc,8.0,2.0,5000.0,0,,3,64,6.6,90,2,1.0,android,13.0,8.0,1,256.0,720,1612
iqoo,iQOO Z7 5G,17999,80.0,True,False,False,snapdragon,8.0,2.2,4200.0,1,55.0,8,128,6.67,120,3,1.0,android,50.0,16.0,0,,1080,2400
infinix,Infinix Note 11 (6GB RAM + 128GB),12799,77.0,False,False,False,helio,8.0,2.0,5000.0,1,33.0,6,128,6.7,60,3,1.0,android,50.0,16.0,1,,1080,2400
micromax,Micromax IN 2B (6GB RAM + 64GB),7790,68.0,False,False,False,unisoc,8.0,1.8,5000.0,0,,6,64,6.52,60,2,1.0,android,13.0,5.0,1,256.0,720,1600
vivo,Vivo Y12a,9999,65.0,False,False,False,snapdragon,8.0,2.0,5000.0,0,,3,32,6.51,60,2,1.0,android,13.0,8.0,1,,720,1600
oppo,OPPO A54 (6GB RAM + 128GB),14999,74.0,False,False,False,helio,8.0,2.3,5000.0,1,,6,128,6.51,60,3,1.0,android,13.0,16.0,1,256.0,1600,720
realme,Realme 8i,12499,74.0,False,False,False,helio,8.0,2.05,5000.0,1,18.0,4,64,6.6,120,3,1.0,android,50.0,16.0,1,256.0,1080,2412
realme,Realme C11 2021,6499,61.0,False,False,False,sc9863a,8.0,1.6,5000.0,0,,2,32,6.52,60,1,1.0,android,8.0,5.0,1,,720,1600
samsung,Samsung Galaxy A22,18499,76.0,False,False,False,helio,8.0,2.0,5000.0,1,15.0,6,128,6.4,60,4,1.0,android,48.0,13.0,1,1024.0,720,1600
samsung,Samsung Galaxy F12,10499,73.0,False,False,False,exynos,8.0,2.0,6000.0,1,15.0,4,64,6.5,90,4,1.0,android,48.0,8.0,1,512.0,720,1600
samsung,Samsung Galaxy F41 (6GB RAM + 128GB),19999,82.0,False,False,False,exynos,8.0,2.3,6000.0,1,15.0,6,128,6.4,60,3,1.0,android,64.0,32.0,1,512.0,1080,2340
samsung,Samsung Galaxy A21s (6GB RAM + 128GB),17499,75.0,False,False,False,exynos,8.0,2.0,5000.0,0,,6,128,6.5,60,4,1.0,android,48.0,13.0,1,512.0,720,1600
xiaomi,Xiaomi Redmi 9A (6GB RAM + 128GB),10990,69.0,False,False,False,helio,8.0,2.0,5000.0,0,,6,128,6.53,60,1,1.0,android,13.0,5.0,1,512.0,720,1600
vivo,Vivo V20 SE,19000,82.0,False,False,False,snapdragon,8.0,2.0,4100.0,1,33.0,8,128,6.44,60,3,1.0,android,48.0,32.0,1,,1080,2400
oppo,OPPO A53 2020 (6GB RAM + 128GB),13990,70.0,False,False,False,snapdragon,8.0,1.8,5000.0,1,18.0,6,128,6.5,90,3,1.0,android,13.0,16.0,1,256.0,1600,720
realme,Realme Narzo 20,10499,72.0,False,False,False,helio,8.0,2.0,6000.0,1,18.0,4,64,6.5,60,3,1.0,android,48.0,8.0,1,256.0,720,1600
itel,itel Vision 1 (3GB RAM + 32GB),5890,,False,False,False,unisoc,8.0,1.6,4000.0,0,,3,32,6.09,60,2,1.0,android,8.0,5.0,1,128.0,1520,720
realme,Realme C11,6490,61.0,False,False,False,helio,8.0,2.3,5000.0,0,,2,32,6.5,60,2,1.0,android,13.0,5.0,1,256.0,720,1600
vivo,Vivo Y21 (2020),9990,65.0,False,False,False,snapdragon,8.0,1.8,5000.0,0,,4,64,6.5,60,2,1.0,android,13.0,13.0,1,256.0,720,1544
samsung,Samsung Galaxy A11,9990,63.0,False,False,False,,8.0,1.8,4000.0,1,15.0,2,32,6.4,60,3,1.0,android,13.0,8.0,1,512.0,720,1560
realme,Realme C2,6999,,False,False,False,helio,8.0,2.0,4000.0,0,,2,16,6.1,60,2,1.0,android,13.0,5.0,1,256.0,1560,720
vivo,Vivo Y55S,13490,,False,False,False,snapdragon,4.0,1.2,2730.0,0,,3,16,5.2,60,1,1.0,android,13.0,5.0,1,,720,1280
poco,Poco C55,7999,70.0,False,False,False,helio,8.0,2.0,5000.0,0,,4,64,6.71,60,2,1.0,android,50.0,5.0,1,512.0,720,1650
blackview,Blackview BV5200 Pro,8990,67.0,True,True,False,helio,8.0,2.3,5180.0,1,10.0,4,64,6.1,60,2,1.0,android,13.0,8.0,1,,720,1560
honor,Honor X7a,13999,75.0,False,False,False,helio,8.0,2.3,5000.0,1,22.0,6,128,6.75,90,4,1.0,android,50.0,8.0,1,,720,1600
oppo,OPPO A58x,13990,72.0,True,False,False,dimensity,8.0,2.2,5000.0,1,10.0,6,128,6.56,90,2,1.0,android,13.0,8.0,1,1024.0,720,1612
doogee,Doogee S99,14999,84.0,False,True,False,helio,8.0,2.05,6000.0,1,33.0,8,128,6.3,60,3,1.0,android,108.0,32.0,1,1024.0,1080,2340
lava,Lava X3,6999,,False,False,False,helio,4.0,2.0,4000.0,0,,3,32,6.5,60,2,1.0,android,8.0,5.0,1,512.0,1600,720
ikall,iKall Z18,6799,61.0,False,False,False,,4.0,1.3,5000.0,0,,4,64,6.82,60,1,1.0,android,20.0,13.0,1,64.0,720,1560
realme,Realme Narzo 50i Prime (4GB RAM + 64GB),8720,64.0,False,False,False,tiger,8.0,1.82,5000.0,1,10.0,4,64,6.5,60,1,1.0,android,8.0,5.0,1,1024.0,720,1600
itel,itel A23s,4787,,False,False,False,spreadtrum,4.0,1.4,3020.0,0,,2,32,5.0,60,1,,android,2.0,,0,,854,480
honor,Honor X8 5G,14990,75.0,True,False,False,snapdragon,8.0,2.2,5000.0,1,22.0,6,128,6.5,60,3,1.0,android,48.0,8.0,1,1024.0,720,1600
motorola,Motorola Moto G91 5G,19990,80.0,True,True,False,snapdragon,8.0,2.2,5000.0,1,,6,128,6.8,60,3,1.0,android,108.0,32.0,1,1024.0,1080,2400
